Date,DataAnalytics,AITools,MachineLearning,ECommerce,CloudComputing,DigitalMarketing,RemoteWork,FinTechTrends,Website_Traffic,Sales_Revenue,Ad_Clicks,Engagement
01-08-2019,86,80,107,83,28,144,89,68,202,2338,35,73
02-08-2019,37,65,95,67,42,66,183,21,535,6793,28,237
03-08-2019,77,77,84,86,23,129,186,47,960,13395,69,302
04-08-2019,67,14,69,114,43,135,102,48,370,4289,80,147
05-08-2019,93,54,58,108,49,127,67,76,207,2717,56,102
06-08-2019,52,21,85,44,32,149,187,70,172,2481,80,46
07-08-2019,66,26,37,119,25,56,53,24,801,10476,35,253
08-08-2019,45,58,109,43,76,102,76,38,121,1350,49,41
09-08-2019,98,47,57,78,63,88,91,78,716,7247,14,172
10-08-2019,56,62,57,116,63,90,88,35,223,3200,30,50
11-08-2019,88,36,32,27,66,103,163,70,568,5740,87,254
12-08-2019,69,59,57,108,21,107,138,46,317,4556,13,156
13-08-2019,75,85,70,102,45,130,63,37,433,5475,32,139
14-08-2019,87,25,55,72,67,48,133,69,561,8244,93,126
15-08-2019,22,60,55,106,28,95,199,31,190,2658,24,41
16-08-2019,59,47,50,35,40,47,52,71,476,7135,17,222
17-08-2019,86,20,86,103,37,62,139,57,203,2385,50,68
18-08-2019,67,23,82,104,36,87,171,23,975,13490,28,288
19-08-2019,81,34,74,113,98,78,189,60,767,9211,55,263
20-08-2019,68,13,45,88,40,82,157,71,235,2913,37,69
21-08-2019,27,46,101,119,72,110,183,73,766,10063,77,265
22-08-2019,72,51,87,77,17,84,148,26,413,5934,24,189
23-08-2019,47,27,34,27,76,99,65,45,875,13055,46,330
24-08-2019,54,20,83,85,93,52,97,64,449,6214,10,183
25-08-2019,96,41,68,67,24,43,129,55,597,7217,76,184
26-08-2019,60,64,82,31,49,109,64,29,519,6283,33,218
27-08-2019,23,83,32,71,27,45,173,30,912,12483,36,364
28-08-2019,89,26,78,34,67,133,162,75,492,5507,49,116
29-08-2019,84,23,73,53,22,129,144,28,298,3144,72,110
30-08-2019,95,79,70,25,19,139,176,74,383,4509,70,106
31-08-2019,54,77,59,55,86,50,62,61,268,3064,45,118
01-09-2019,78,64,103,51,36,131,89,20,567,6510,33,185
02-09-2019,30,74,98,82,48,55,90,45,421,4701,33,209
03-09-2019,42,52,38,119,19,61,65,56,130,1327,13,29
04-09-2019,97,55,66,84,39,98,114,33,361,3642,76,156
05-09-2019,38,38,90,42,91,94,149,67,856,12787,43,344
06-09-2019,35,62,65,39,62,148,127,66,965,11714,66,415
07-09-2019,47,58,54,88,69,72,92,62,670,7987,58,195
08-09-2019,50,70,74,56,24,139,191,78,584,7824,96,203
09-09-2019,72,73,56,41,20,133,76,67,168,1863,62,73
10-09-2019,90,68,38,75,97,99,195,77,620,9144,32,167
11-09-2019,46,53,57,42,46,51,194,77,792,11033,78,212
12-09-2019,26,18,67,72,82,48,101,27,586,6121,62,214
13-09-2019,34,51,35,74,43,91,50,59,810,9791,71,289
14-09-2019,95,35,74,101,44,84,131,57,894,12869,50,254
15-09-2019,74,89,76,117,41,128,181,77,301,4431,66,87
16-09-2019,91,40,77,81,45,44,139,45,798,9844,69,226
17-09-2019,21,62,55,89,72,53,65,63,674,8807,63,290
18-09-2019,63,62,75,103,25,110,84,40,988,10705,79,390
19-09-2019,78,31,37,70,49,50,156,70,679,10155,66,305
20-09-2019,75,72,35,82,59,89,87,73,356,3972,19,175
21-09-2019,45,83,48,94,49,94,73,29,944,13889,49,323
22-09-2019,70,78,82,30,53,133,71,39,618,8187,16,135
23-09-2019,76,58,43,102,88,115,93,50,244,3181,47,52
24-09-2019,69,19,42,26,88,95,149,59,598,7512,94,172
25-09-2019,32,86,86,94,61,78,113,77,933,10406,70,447
26-09-2019,38,66,98,49,76,64,185,29,761,8281,93,271
27-09-2019,21,63,71,38,66,123,144,76,135,1498,12,38
28-09-2019,71,79,99,68,84,67,133,26,955,10440,60,305
29-09-2019,64,53,57,67,40,100,176,44,282,3919,95,107
30-09-2019,68,58,52,73,46,144,151,48,389,4570,56,153
01-10-2019,76,29,52,109,91,40,196,73,503,5175,77,123
02-10-2019,69,11,80,42,61,120,56,34,716,10629,85,353
03-10-2019,23,33,62,63,35,65,128,76,432,6228,47,157
04-10-2019,87,19,68,58,59,104,140,46,130,1903,45,31
05-10-2019,31,41,89,101,74,134,119,21,358,5360,50,167
06-10-2019,41,85,43,102,53,132,73,63,894,9717,78,198
07-10-2019,23,75,77,82,74,147,114,44,463,5547,22,218
08-10-2019,31,14,69,110,17,91,134,21,682,9405,96,340
09-10-2019,23,87,93,93,74,64,171,40,1015,13682,67,416
10-10-2019,26,84,82,115,76,66,118,34,458,4932,59,197
11-10-2019,29,69,73,48,43,66,50,69,210,2956,39,63
12-10-2019,34,22,74,78,53,42,61,67,485,5394,71,233
13-10-2019,90,68,45,101,15,45,109,52,573,6371,34,205
14-10-2019,32,55,92,79,39,108,85,24,547,6938,36,229
15-10-2019,74,34,35,61,89,49,170,62,628,8141,60,299
16-10-2019,47,65,98,81,34,73,66,24,895,11545,87,440
17-10-2019,58,87,54,88,86,141,195,62,155,1620,66,69
18-10-2019,37,29,90,61,16,77,82,34,326,4690,56,94
19-10-2019,81,46,73,109,28,54,108,28,201,2276,48,98
20-10-2019,94,40,85,62,82,55,100,62,682,7261,25,264
21-10-2019,85,15,102,69,71,90,51,63,993,14342,31,475
22-10-2019,67,85,37,104,84,75,180,25,509,7522,94,205
23-10-2019,36,24,67,25,99,65,108,51,123,1760,63,35
24-10-2019,25,84,86,60,90,58,152,72,511,7178,30,158
25-10-2019,66,80,93,52,40,50,89,23,688,9134,81,251
26-10-2019,35,47,69,33,62,115,55,41,228,2907,25,99
27-10-2019,79,12,64,104,24,74,117,36,894,9328,68,264
28-10-2019,60,56,105,60,43,66,50,44,945,11379,40,353
29-10-2019,45,27,66,76,60,85,177,51,600,7118,51,182
30-10-2019,65,21,53,38,45,123,92,60,826,9332,83,367
31-10-2019,69,58,50,110,31,147,70,65,525,7148,41,178
01-11-2019,20,13,100,104,21,88,116,66,854,10657,68,190
02-11-2019,55,27,101,33,43,116,78,52,680,7075,43,169
03-11-2019,49,30,31,37,39,64,159,54,286,3174,18,62
04-11-2019,21,88,96,57,40,56,62,71,326,4373,90,114
05-11-2019,88,23,40,88,25,87,62,28,395,4100,20,91
06-11-2019,50,62,88,49,17,62,175,30,988,14084,19,231
07-11-2019,27,76,66,94,32,130,109,41,941,11739,95,453
08-11-2019,80,32,80,90,85,107,178,36,397,4923,26,183
09-11-2019,85,24,46,61,41,88,141,68,582,7543,77,195
10-11-2019,96,46,74,95,50,44,138,26,588,8304,57,291
11-11-2019,87,79,78,81,95,143,167,79,853,10013,61,170
12-11-2019,64,48,58,46,21,100,178,74,379,5074,34,145
13-11-2019,71,70,41,93,54,127,86,66,829,10634,30,319
14-11-2019,27,17,39,85,48,137,117,66,423,4794,74,142
15-11-2019,90,84,53,117,36,57,85,41,853,12277,72,272
16-11-2019,33,26,100,89,77,114,102,64,848,11861,98,285
17-11-2019,48,37,48,29,89,67,103,62,877,11657,60,284
18-11-2019,83,72,67,107,55,44,132,77,466,6641,45,195
19-11-2019,56,26,94,91,28,130,79,37,1008,14451,90,242
20-11-2019,60,78,51,96,62,89,61,68,182,2464,97,47
21-11-2019,83,83,66,31,25,49,102,38,921,13064,75,234
22-11-2019,78,27,79,47,32,121,94,43,346,4666,24,96
23-11-2019,97,68,82,48,95,76,164,47,894,11980,48,319
24-11-2019,28,61,65,86,90,134,68,69,318,4163,79,74
25-11-2019,98,30,109,89,82,122,80,70,510,7019,10,234
26-11-2019,26,85,37,76,42,49,178,29,624,6734,32,180
27-11-2019,85,75,40,70,90,84,103,74,172,2477,48,42
28-11-2019,90,62,51,57,22,100,96,32,288,4135,66,115
29-11-2019,60,48,89,118,64,141,199,71,146,1481,90,30
30-11-2019,94,33,47,104,59,112,125,59,945,13351,43,364
01-12-2019,96,18,44,29,84,81,89,21,197,2096,50,80
02-12-2019,96,63,47,49,32,107,192,22,989,11547,82,261
03-12-2019,45,34,81,73,72,112,78,49,971,13319,22,206
04-12-2019,27,82,96,68,40,139,160,55,654,7065,79,202
05-12-2019,33,33,108,50,93,81,172,46,477,6720,15,109
06-12-2019,64,24,44,62,19,131,59,62,262,3710,93,61
07-12-2019,21,32,77,72,51,74,130,36,782,9804,61,216
08-12-2019,61,27,47,76,47,138,164,76,606,6079,12,174
09-12-2019,98,18,57,88,46,125,172,61,197,2252,90,70
10-12-2019,76,20,65,69,16,66,184,29,273,3572,72,110
11-12-2019,83,56,89,79,95,90,191,69,634,9450,58,239
12-12-2019,23,21,49,72,45,60,86,54,728,9579,85,178
13-12-2019,37,38,71,36,67,89,66,41,527,5954,56,132
14-12-2019,89,63,48,119,98,135,177,21,810,10667,64,375
15-12-2019,70,48,38,41,47,96,146,38,555,7048,73,203
16-12-2019,22,19,36,106,72,91,135,75,425,5907,74,195
17-12-2019,38,15,57,115,58,117,73,24,515,5425,90,160
18-12-2019,66,58,79,94,73,132,154,29,910,12562,76,349
19-12-2019,65,20,105,116,63,130,133,21,627,7966,99,223
20-12-2019,77,46,47,119,23,143,170,56,368,5451,24,108
21-12-2019,55,32,82,46,35,120,110,60,178,2084,41,60
22-12-2019,38,78,109,83,59,107,159,29,166,2185,77,58
23-12-2019,66,24,60,52,67,143,86,43,273,4002,27,71
24-12-2019,74,73,68,33,80,139,162,75,339,3563,92,99
25-12-2019,93,67,37,96,97,66,147,71,978,14363,52,427
26-12-2019,82,54,42,100,57,90,163,25,919,12350,44,436
27-12-2019,87,25,78,119,94,67,105,50,172,1778,87,52
28-12-2019,31,63,99,78,51,147,112,40,187,2151,67,54
29-12-2019,46,89,75,31,17,127,67,76,643,8706,42,166
30-12-2019,95,44,76,32,36,98,172,58,547,5654,23,220
31-12-2019,30,23,50,111,33,65,174,20,714,9218,43,212
01-01-2020,23,63,99,109,71,73,134,41,868,10181,70,430
02-01-2020,65,53,70,78,40,101,169,31,946,12396,13,281
03-01-2020,78,81,72,51,46,80,162,24,240,2454,97,76
04-01-2020,79,52,55,37,30,119,94,53,825,11845,68,314
05-01-2020,43,32,34,76,33,123,94,48,1013,15060,38,446
06-01-2020,45,81,68,65,67,85,180,29,868,12884,92,295
07-01-2020,47,10,62,27,49,112,118,76,689,9472,15,225
08-01-2020,77,77,69,44,55,75,75,62,881,9383,58,439
09-01-2020,23,61,49,35,49,147,199,29,756,10426,49,153
10-01-2020,98,56,64,81,21,93,94,69,605,6124,92,283
11-01-2020,79,86,74,68,35,109,64,23,786,7946,74,192
12-01-2020,68,27,58,90,20,134,141,26,912,10595,78,397
13-01-2020,76,78,75,31,33,82,89,48,149,1854,36,57
14-01-2020,24,53,90,119,89,138,172,36,362,5014,89,109
15-01-2020,89,57,97,116,98,81,112,33,647,8680,15,299
16-01-2020,76,27,81,83,89,80,115,38,911,11141,22,185
17-01-2020,80,30,76,51,95,141,93,49,543,6172,73,145
18-01-2020,29,74,76,105,75,107,103,22,1016,15225,71,375
19-01-2020,86,30,35,115,69,109,189,52,940,11403,28,287
20-01-2020,53,36,83,102,25,93,95,27,539,6606,85,206
21-01-2020,89,41,77,37,89,114,171,68,353,3818,89,73
22-01-2020,29,29,95,58,72,55,127,48,161,2249,52,37
23-01-2020,99,55,105,114,40,141,67,52,1004,13522,83,239
24-01-2020,48,74,106,87,42,57,69,68,701,7783,98,180
25-01-2020,86,29,84,50,15,89,170,63,1039,10817,29,350
26-01-2020,30,39,54,49,91,43,168,36,608,8148,77,258
27-01-2020,23,77,66,25,39,119,131,44,838,11122,53,395
28-01-2020,68,27,34,44,78,40,71,25,723,8217,32,325
29-01-2020,23,80,35,39,31,102,71,52,1012,14931,11,262
30-01-2020,43,25,78,45,77,43,184,39,891,9582,31,296
31-01-2020,75,42,56,116,77,144,61,32,390,4743,66,101
01-02-2020,54,45,80,37,87,80,184,41,713,10493,81,199
02-02-2020,57,27,75,108,74,52,163,78,245,2964,16,86
03-02-2020,69,36,69,108,99,102,168,58,1049,13839,87,231
04-02-2020,45,20,48,28,43,94,57,56,884,10597,65,234
05-02-2020,37,46,69,84,93,66,130,78,635,7220,76,305
06-02-2020,78,52,96,118,99,67,90,30,557,8310,25,189
07-02-2020,86,79,32,119,81,89,177,44,381,4589,92,127
08-02-2020,65,31,43,65,98,108,147,22,900,13023,60,183
09-02-2020,30,42,92,28,56,141,175,27,806,8986,91,221
10-02-2020,28,20,35,87,58,52,194,79,322,3563,89,148
11-02-2020,45,41,87,73,65,44,112,29,693,7037,81,172
12-02-2020,87,83,103,43,15,80,63,65,188,2492,21,61
13-02-2020,85,15,70,37,89,146,50,53,677,8017,62,138
14-02-2020,27,36,48,104,70,65,109,21,312,4468,84,107
15-02-2020,90,22,88,44,55,50,106,64,992,12267,14,204
16-02-2020,59,78,70,96,84,66,152,60,852,12644,36,379
17-02-2020,58,52,86,35,93,102,91,40,396,4327,21,177
18-02-2020,25,11,76,45,70,82,133,34,240,3442,26,104
19-02-2020,29,60,30,52,27,85,198,20,950,13188,15,270
20-02-2020,60,75,97,104,34,71,77,61,732,10141,14,330
21-02-2020,88,84,84,63,58,81,115,23,836,11891,66,303
22-02-2020,41,63,74,91,92,109,148,59,712,9829,37,222
23-02-2020,70,55,33,119,74,113,105,67,729,9572,87,282
24-02-2020,56,89,103,54,31,81,67,22,801,8535,78,163
25-02-2020,64,80,92,32,15,88,109,56,951,9664,68,230
26-02-2020,81,20,68,56,21,83,104,32,184,2687,42,77
27-02-2020,34,69,54,100,75,53,170,32,776,10152,71,212
28-02-2020,98,45,92,99,63,92,85,56,712,9955,59,270
29-02-2020,43,17,40,87,98,44,92,78,497,6166,28,156
01-03-2020,82,36,86,83,22,125,113,30,955,10110,95,435
02-03-2020,48,53,39,58,79,142,67,33,488,5185,78,237
03-03-2020,44,36,60,44,24,125,173,35,797,10701,75,370
04-03-2020,35,55,82,60,22,81,134,20,664,8068,56,186
05-03-2020,69,80,32,59,81,50,195,25,506,5567,48,130
06-03-2020,24,56,82,30,25,85,92,29,631,7860,77,216
07-03-2020,41,12,101,28,67,71,129,61,389,4014,42,78
08-03-2020,52,55,69,68,91,72,101,64,349,4505,22,72
09-03-2020,59,15,65,108,78,148,186,22,384,4356,93,140
10-03-2020,21,68,101,70,45,130,77,43,544,7609,63,193
11-03-2020,55,27,35,55,40,105,156,47,537,6203,16,267
12-03-2020,78,74,33,26,58,94,178,78,443,5438,88,115
13-03-2020,58,12,70,94,95,117,54,51,793,7976,96,220
14-03-2020,21,76,51,63,86,121,109,33,788,8165,23,184
15-03-2020,72,30,90,51,58,59,128,61,906,10837,96,430
16-03-2020,37,11,67,55,49,62,155,64,420,5207,28,182
17-03-2020,65,82,101,62,83,92,61,28,520,6760,63,232
18-03-2020,42,20,30,73,68,98,165,32,871,9980,29,410
19-03-2020,73,49,97,50,46,149,101,71,618,8327,38,220
20-03-2020,94,20,62,31,36,78,166,45,573,8194,33,192
21-03-2020,20,23,103,98,42,97,176,68,811,11272,91,242
22-03-2020,55,10,89,36,27,91,78,33,481,4905,72,181
23-03-2020,91,50,93,97,77,108,149,76,840,10418,83,282
24-03-2020,59,30,99,107,69,134,96,58,388,4083,66,130
25-03-2020,98,28,106,42,57,128,64,32,982,11008,17,472
26-03-2020,49,65,72,104,67,84,174,48,398,5943,99,197
27-03-2020,39,53,54,93,75,138,178,29,848,9084,71,372
28-03-2020,57,81,95,99,82,93,128,73,828,10345,38,353
29-03-2020,21,14,49,70,71,72,94,38,991,12972,83,400
30-03-2020,25,66,98,66,91,81,110,24,539,7283,26,134
31-03-2020,55,73,86,66,83,143,79,26,837,10712,75,182
01-04-2020,97,54,61,69,20,110,100,40,773,7767,15,314
02-04-2020,45,84,41,69,42,108,108,51,638,7421,67,267
03-04-2020,90,10,79,92,87,108,130,63,399,5022,78,85
04-04-2020,78,10,79,82,64,140,158,71,858,8956,37,410
05-04-2020,49,28,66,41,20,70,149,53,279,3279,71,63
06-04-2020,41,71,75,109,88,80,171,78,997,10135,50,284
07-04-2020,36,85,77,51,66,108,177,33,664,6900,78,266
08-04-2020,50,35,103,91,50,107,190,23,609,7298,91,152
09-04-2020,75,22,56,60,40,80,156,52,731,7795,99,158
10-04-2020,50,67,84,64,81,132,139,22,436,5597,93,130
11-04-2020,32,10,52,43,15,79,76,49,678,9117,50,291
12-04-2020,36,57,64,117,68,144,160,40,975,13652,58,316
13-04-2020,58,85,60,113,35,130,173,39,555,6105,58,219
14-04-2020,27,59,78,85,92,114,78,28,556,6025,85,207
15-04-2020,57,26,90,105,41,64,122,71,282,2967,80,58
16-04-2020,34,46,69,56,26,105,110,46,782,10308,12,388
17-04-2020,20,35,53,117,55,128,193,46,795,10758,19,168
18-04-2020,22,85,58,47,88,126,141,31,251,2549,98,123
19-04-2020,57,49,45,101,70,104,99,43,869,12757,44,317
20-04-2020,67,22,106,110,51,81,151,53,283,2903,89,138
21-04-2020,82,56,55,47,62,106,66,68,173,2198,11,40
22-04-2020,81,50,83,57,26,84,139,53,813,11012,33,282
23-04-2020,34,58,31,33,52,70,96,54,391,5612,83,98
24-04-2020,81,38,101,50,48,127,100,39,738,10014,47,158
25-04-2020,57,72,33,43,17,117,82,66,1027,14386,31,395
26-04-2020,39,41,102,52,31,97,173,40,908,10621,35,238
27-04-2020,78,42,32,41,79,79,79,76,397,5587,52,149
28-04-2020,26,15,60,104,60,122,137,69,558,5803,64,130
29-04-2020,91,88,103,96,76,91,139,31,576,8337,48,172
30-04-2020,97,13,78,92,43,104,53,71,811,10330,38,352
01-05-2020,98,60,96,63,46,66,195,30,303,4268,29,100
02-05-2020,90,24,83,74,29,140,156,65,227,2783,50,88
03-05-2020,71,56,99,31,47,67,172,63,858,11340,63,338
04-05-2020,23,27,52,102,61,75,97,42,904,11419,29,409
05-05-2020,20,48,84,101,67,117,119,53,847,11568,28,251
06-05-2020,97,83,99,118,93,139,159,35,885,9211,93,359
07-05-2020,57,12,74,112,88,65,106,72,591,6088,75,288
08-05-2020,72,34,105,40,54,76,124,31,422,4741,39,176
09-05-2020,22,62,65,51,85,53,97,27,1012,10927,62,351
10-05-2020,34,57,42,119,59,94,183,41,615,8830,43,239
11-05-2020,22,24,42,32,81,73,94,20,379,4205,31,159
12-05-2020,52,13,55,97,82,97,121,67,360,5356,76,138
13-05-2020,75,36,95,105,70,43,52,62,300,3505,15,61
14-05-2020,52,20,74,96,20,139,53,56,578,6306,88,149
15-05-2020,50,34,51,84,81,108,62,35,944,13167,36,418
16-05-2020,23,67,38,107,99,68,75,70,472,6274,19,133
17-05-2020,99,39,103,52,93,53,181,36,458,5720,82,192
18-05-2020,98,44,91,96,54,50,70,26,1015,12968,57,316
19-05-2020,41,22,47,108,32,92,171,32,1062,14438,79,378
20-05-2020,50,53,90,80,36,55,67,42,789,8791,68,173
21-05-2020,79,34,104,110,75,131,50,39,377,5648,68,95
22-05-2020,51,15,90,104,70,112,83,23,690,10263,11,336
23-05-2020,90,83,79,77,86,105,96,55,932,12350,38,435
24-05-2020,27,60,97,68,77,43,193,49,324,3563,77,128
25-05-2020,97,29,66,118,53,62,163,56,789,10573,74,266
26-05-2020,81,25,73,80,23,40,183,65,381,3947,92,153
27-05-2020,47,65,32,34,84,144,153,39,305,3096,35,117
28-05-2020,85,80,56,107,61,96,132,49,368,4154,98,136
29-05-2020,36,76,52,114,72,99,150,70,507,6242,19,110
30-05-2020,21,49,95,75,94,107,109,55,645,9250,62,251
31-05-2020,27,63,72,35,71,44,145,79,531,7240,88,228
01-06-2020,57,41,96,115,45,137,168,67,953,13068,68,474
02-06-2020,39,49,86,73,68,130,135,22,842,10211,31,171
03-06-2020,83,13,106,102,53,50,67,60,947,11108,60,396
04-06-2020,40,24,37,106,79,145,51,54,586,6947,57,217
05-06-2020,50,54,80,92,75,43,181,23,529,7902,30,174
06-06-2020,89,78,101,86,50,44,90,63,694,7079,31,165
07-06-2020,34,13,65,106,20,106,99,44,331,4744,39,106
08-06-2020,76,56,92,41,29,72,161,49,332,4280,34,101
09-06-2020,20,40,58,57,35,72,135,58,1048,12778,37,304
10-06-2020,48,60,88,95,84,105,113,21,895,12195,74,375
11-06-2020,85,32,51,54,16,66,76,64,1005,12495,54,412
12-06-2020,41,38,98,107,37,122,69,68,674,9683,77,253
13-06-2020,80,72,64,113,54,129,169,30,825,11965,16,397
14-06-2020,48,52,30,69,44,51,119,69,737,8924,58,224
15-06-2020,28,59,78,32,40,60,102,55,524,5965,18,143
16-06-2020,60,33,50,84,74,54,150,20,1058,13713,45,419
17-06-2020,40,19,40,111,57,131,125,76,827,12042,92,214
18-06-2020,74,39,95,77,51,87,60,60,966,10677,10,284
19-06-2020,59,48,95,104,33,62,79,33,660,8655,19,176
20-06-2020,45,69,93,95,15,135,166,54,338,4447,45,74
21-06-2020,67,66,40,67,19,62,185,29,602,8226,82,269
22-06-2020,96,10,38,111,67,60,57,64,486,5179,55,134
23-06-2020,22,83,31,38,42,98,142,35,799,10849,41,273
24-06-2020,52,38,33,63,77,83,89,34,451,6559,41,96
25-06-2020,61,40,108,104,53,83,186,76,953,10386,15,390
26-06-2020,96,84,101,103,34,93,126,22,333,3725,57,99
27-06-2020,62,52,79,54,27,46,115,79,535,7948,47,226
28-06-2020,89,59,73,69,40,108,199,39,813,8865,26,263
29-06-2020,23,31,60,70,29,143,125,59,762,10875,83,197
30-06-2020,83,34,62,27,61,72,141,22,1071,13346,36,379
01-07-2020,89,34,39,82,32,57,69,24,192,2157,63,45
02-07-2020,70,73,106,46,99,57,79,42,1087,15602,59,361
03-07-2020,86,34,92,85,41,125,197,40,495,6052,44,146
04-07-2020,37,59,93,112,45,49,105,40,445,5595,94,210
05-07-2020,39,44,43,86,80,99,117,32,843,9944,34,184
06-07-2020,49,56,46,71,62,89,58,47,645,8362,37,263
07-07-2020,93,53,83,117,97,116,177,79,229,2477,24,58
08-07-2020,71,63,62,62,67,133,133,47,352,4208,13,104
09-07-2020,42,82,41,55,69,93,120,39,201,2984,82,65
10-07-2020,66,20,93,116,61,61,117,24,426,4809,36,201
11-07-2020,22,21,63,79,75,74,158,71,292,3878,35,79
12-07-2020,69,33,102,104,32,87,189,40,852,9905,28,193
13-07-2020,28,36,87,26,30,144,156,78,1009,13992,26,298
14-07-2020,38,31,95,100,92,134,52,78,402,4283,52,93
15-07-2020,55,15,86,113,64,85,114,42,325,4825,50,77
16-07-2020,59,78,36,116,74,108,100,64,598,7336,51,222
17-07-2020,46,70,81,118,98,71,199,63,347,3879,59,75
18-07-2020,91,66,72,63,84,111,165,26,249,2581,93,52
19-07-2020,91,60,31,36,79,91,58,36,315,3417,49,130
20-07-2020,40,18,90,59,73,86,136,60,868,10935,48,267
21-07-2020,32,40,47,29,84,82,70,63,824,9628,32,195
22-07-2020,46,89,54,30,32,142,114,47,783,11075,61,216
23-07-2020,81,46,68,61,20,98,181,64,821,9978,56,322
24-07-2020,59,33,59,63,52,103,124,68,616,6926,72,174
25-07-2020,72,21,75,101,65,139,70,24,619,8100,78,215
26-07-2020,99,20,82,35,80,103,90,28,301,4073,52,71
27-07-2020,59,32,89,71,24,72,118,49,1049,11366,57,394
28-07-2020,28,43,89,105,88,50,177,59,452,4898,43,133
29-07-2020,46,24,36,33,62,62,130,38,425,4327,49,164
30-07-2020,22,66,40,116,82,119,125,30,310,4241,84,137
31-07-2020,75,52,108,55,76,104,109,29,708,9429,70,271
01-08-2020,72,12,48,115,87,71,178,34,672,8314,59,194
02-08-2020,23,87,63,71,74,128,142,62,298,4237,76,82
03-08-2020,59,29,77,100,55,121,64,59,352,4937,71,104
04-08-2020,71,66,63,116,22,66,181,20,1060,13702,67,264
05-08-2020,75,58,109,70,19,139,179,30,1096,15718,42,278
06-08-2020,84,35,57,44,47,128,65,31,1078,11889,84,471
07-08-2020,97,53,59,45,99,52,67,61,538,5681,25,169
08-08-2020,91,46,70,44,83,123,190,70,907,10293,91,300
09-08-2020,90,77,68,41,61,135,198,62,1023,10521,57,386
10-08-2020,49,68,94,70,98,144,198,38,364,4606,19,137
11-08-2020,44,61,31,40,31,143,148,71,921,13523,91,202
12-08-2020,58,60,71,115,83,77,65,20,883,9003,47,396
13-08-2020,99,63,85,69,66,132,176,67,363,3851,28,91
14-08-2020,94,66,105,101,87,100,147,28,782,9588,45,326
15-08-2020,44,32,70,69,45,94,149,34,1003,14713,68,433
16-08-2020,52,56,106,117,86,91,152,74,601,6960,72,249
17-08-2020,82,45,82,81,74,71,190,27,480,6017,86,179
18-08-2020,73,86,86,110,17,132,193,69,1019,10401,55,208
19-08-2020,70,60,43,61,93,120,197,23,708,7605,12,218
20-08-2020,71,58,39,92,32,129,58,68,1100,16426,83,419
21-08-2020,71,83,68,88,63,51,84,44,596,8836,74,188
22-08-2020,93,60,107,67,58,115,149,51,339,3398,17,155
23-08-2020,75,86,31,49,28,106,135,28,400,5903,60,117
24-08-2020,92,76,71,103,64,115,139,79,606,7996,90,174
25-08-2020,20,28,78,98,86,85,193,22,845,12116,82,236
26-08-2020,50,63,66,72,32,99,127,66,239,2933,15,71
27-08-2020,40,47,104,112,99,146,88,35,894,11244,98,328
28-08-2020,43,68,66,76,81,123,114,38,666,8287,48,274
29-08-2020,38,29,41,104,75,80,148,55,1089,14521,69,434
30-08-2020,80,22,100,61,35,102,104,78,677,7242,37,299
31-08-2020,79,11,35,59,54,128,91,66,582,5907,63,271
01-09-2020,44,21,100,69,64,77,139,54,229,2642,46,101
02-09-2020,39,64,61,103,63,97,188,41,957,12941,18,196
03-09-2020,45,80,79,88,51,74,142,21,878,9666,91,369
04-09-2020,26,59,65,76,22,100,110,36,246,3288,65,64
05-09-2020,86,11,57,35,73,59,87,63,438,6504,68,105
06-09-2020,75,47,84,109,88,77,149,33,574,6009,94,224
07-09-2020,91,73,107,94,54,129,86,70,772,10316,11,228
08-09-2020,30,18,33,40,28,67,154,61,647,7905,70,140
09-09-2020,91,84,79,58,72,145,152,22,985,14125,67,237
10-09-2020,36,36,41,53,62,113,159,73,493,5366,69,98
11-09-2020,91,14,47,88,35,96,87,38,237,3190,49,111
12-09-2020,66,33,80,58,88,146,146,69,436,6187,45,90
13-09-2020,63,11,103,117,55,99,61,44,487,7170,46,128
14-09-2020,83,48,105,92,19,92,150,25,1009,13536,88,327
15-09-2020,49,60,90,89,33,49,178,53,820,10238,27,251
16-09-2020,62,16,95,69,37,120,128,44,495,6479,72,234
17-09-2020,35,23,65,112,36,108,87,57,1091,15649,31,231
18-09-2020,23,86,91,84,23,40,138,61,693,8907,20,245
19-09-2020,69,15,39,47,23,75,171,39,665,6751,67,268
20-09-2020,53,68,91,29,46,135,168,41,1041,15255,66,499
21-09-2020,54,39,59,46,85,50,88,57,1029,13837,86,397
22-09-2020,83,88,89,87,66,78,106,77,872,11669,13,384
23-09-2020,32,84,51,46,73,136,52,57,729,8076,95,164
24-09-2020,46,41,105,68,49,40,116,58,760,10103,16,239
25-09-2020,91,21,62,69,44,122,70,56,406,4859,70,126
26-09-2020,60,48,61,76,39,122,121,20,263,3486,63,122
27-09-2020,61,30,109,113,63,92,92,65,726,7646,97,178
28-09-2020,48,34,55,39,88,127,65,24,232,3083,77,56
29-09-2020,35,27,44,28,92,128,79,36,387,5803,88,115
30-09-2020,72,64,66,49,47,42,72,25,435,4454,10,94
01-10-2020,65,50,103,67,92,73,137,69,373,5552,64,95
02-10-2020,88,56,68,102,85,103,180,36,693,8339,12,339
03-10-2020,56,22,92,106,42,94,119,28,262,3760,87,86
04-10-2020,79,51,84,99,23,144,55,53,589,8194,47,229
05-10-2020,93,12,65,55,90,90,62,58,734,9420,10,306
06-10-2020,34,42,100,93,76,62,182,53,316,4326,47,97
07-10-2020,40,53,49,103,79,149,73,34,1109,15961,94,270
08-10-2020,53,11,34,117,70,62,64,51,962,11563,38,252
09-10-2020,28,31,34,89,62,119,125,47,255,2966,14,74
10-10-2020,45,77,82,108,99,83,170,22,498,6642,83,194
11-10-2020,96,49,109,27,68,55,152,65,567,7960,30,181
12-10-2020,37,23,78,84,56,132,111,27,715,9875,80,144
13-10-2020,20,75,49,116,26,140,89,58,521,7288,76,186
14-10-2020,42,25,53,112,37,72,178,31,400,4871,56,190
15-10-2020,52,85,33,37,94,134,145,45,826,11637,93,366
16-10-2020,66,66,34,77,94,77,113,60,318,3371,92,142
17-10-2020,40,48,38,98,92,75,135,50,920,11704,44,403
18-10-2020,99,47,78,119,39,40,185,79,336,3369,77,99
19-10-2020,80,40,84,81,96,133,100,39,411,4777,78,176
20-10-2020,46,42,48,25,36,129,183,36,474,5608,10,115
21-10-2020,82,87,64,101,23,71,145,65,382,4576,77,151
22-10-2020,71,21,88,45,87,80,151,33,477,6428,21,187
23-10-2020,83,44,37,114,51,58,120,37,544,6496,69,112
24-10-2020,33,18,53,80,82,45,150,35,350,4285,36,152
25-10-2020,66,35,62,104,61,117,115,26,240,2685,65,113
26-10-2020,26,21,49,80,43,132,175,29,1015,12044,32,284
27-10-2020,95,84,50,45,30,81,117,61,957,10657,34,424
28-10-2020,47,78,105,93,36,52,152,63,789,8178,30,177
29-10-2020,22,17,70,85,49,82,150,46,793,10322,70,301
30-10-2020,41,86,39,51,26,77,131,77,546,7284,72,188
31-10-2020,82,82,90,93,91,78,104,79,1096,14354,61,398
01-11-2020,48,51,30,63,39,104,56,58,910,11208,97,434
02-11-2020,39,45,76,95,22,72,181,74,1016,12089,34,468
03-11-2020,86,82,92,61,32,141,64,43,850,12169,64,370
04-11-2020,52,68,47,95,24,53,78,70,513,6461,55,144
05-11-2020,67,35,33,60,94,143,118,72,1079,13375,41,510
06-11-2020,60,57,81,80,80,110,118,51,888,8993,64,203
07-11-2020,28,52,48,43,88,41,84,45,864,10114,14,393
08-11-2020,67,72,74,48,62,64,113,38,381,4534,45,113
09-11-2020,73,10,109,44,25,127,175,31,716,8587,58,154
10-11-2020,42,63,35,115,76,85,82,33,612,7895,67,245
11-11-2020,84,67,33,30,62,111,70,30,1012,12820,48,272
12-11-2020,40,20,31,96,33,58,116,60,331,4316,89,90
13-11-2020,51,78,92,112,82,65,113,37,620,8571,94,180
14-11-2020,45,87,42,81,99,99,151,79,1038,14599,70,227
15-11-2020,52,63,33,110,72,93,54,72,474,6441,18,119
16-11-2020,79,70,42,99,27,80,78,71,404,5970,15,81
17-11-2020,28,58,45,110,89,76,184,68,267,2694,44,89
18-11-2020,89,64,76,57,36,90,188,45,705,7740,48,158
19-11-2020,65,72,57,107,40,41,179,73,911,9144,31,368
20-11-2020,26,78,91,111,32,44,167,35,988,13078,50,267
21-11-2020,26,87,87,38,43,81,186,20,767,11113,14,370
22-11-2020,88,44,64,26,95,77,159,53,1097,12305,51,506
23-11-2020,52,82,53,96,25,52,134,41,1048,15337,96,300
24-11-2020,29,20,75,59,59,119,177,23,638,6572,90,277
25-11-2020,47,13,73,117,47,71,102,33,755,11077,85,332
26-11-2020,66,81,93,104,45,140,197,39,1059,12451,96,525
27-11-2020,65,60,44,112,32,54,103,26,737,7743,89,279
28-11-2020,41,73,105,30,92,141,138,53,1056,13125,76,237
29-11-2020,40,87,61,46,77,105,162,77,268,3024,39,105
30-11-2020,75,54,83,52,44,50,89,51,917,10476,66,355
01-12-2020,51,75,99,45,26,57,167,58,252,2907,95,98
02-12-2020,51,38,85,53,90,135,185,25,553,7750,82,161
03-12-2020,55,15,48,33,58,98,75,28,1009,12810,38,462
04-12-2020,50,21,106,55,92,61,92,79,745,8609,46,363
05-12-2020,89,25,59,117,43,126,74,76,633,8261,96,167
06-12-2020,73,55,52,74,83,62,129,23,887,12046,22,200
07-12-2020,40,11,87,97,69,104,52,40,1117,12692,41,288
08-12-2020,54,49,50,44,16,67,96,69,705,8507,55,314
09-12-2020,97,14,90,68,22,76,187,73,377,3999,32,151
10-12-2020,42,56,56,29,32,91,160,78,327,3566,54,127
11-12-2020,61,29,35,86,69,77,91,27,589,7895,26,188
12-12-2020,43,72,47,47,64,57,94,53,1069,11659,94,399
13-12-2020,93,21,88,66,99,46,183,33,1035,13067,75,302
14-12-2020,88,25,63,91,27,120,90,22,963,13044,15,330
15-12-2020,61,39,58,35,79,84,194,27,1090,11482,27,477
16-12-2020,49,29,85,37,80,91,102,53,287,3684,31,141
17-12-2020,90,79,30,99,79,128,90,69,901,10165,42,432
18-12-2020,25,18,60,31,78,146,108,79,935,13851,39,448
19-12-2020,91,12,94,58,54,136,85,60,812,10083,90,260
20-12-2020,71,29,100,69,67,96,58,75,427,5990,41,145
21-12-2020,45,71,66,66,91,112,168,21,363,4628,51,149
22-12-2020,60,46,72,78,47,132,58,29,388,3964,87,184
23-12-2020,87,66,93,112,18,56,117,73,552,7267,19,133
24-12-2020,73,26,97,47,37,145,180,43,808,11923,45,235
25-12-2020,79,24,34,29,61,104,63,28,581,7557,43,140
26-12-2020,96,28,46,87,73,89,197,61,544,7668,82,208
27-12-2020,74,86,79,95,17,64,104,48,931,13425,37,271
28-12-2020,43,59,53,76,57,58,155,59,921,10260,20,274
29-12-2020,59,32,30,97,99,135,155,73,1078,11922,87,238
30-12-2020,83,33,103,36,40,124,148,57,1023,13355,48,311
31-12-2020,53,36,40,37,26,142,55,37,294,3544,56,134
01-01-2021,58,32,67,89,80,85,58,32,685,9726,28,184
02-01-2021,20,85,85,101,76,70,129,64,854,12383,24,348
03-01-2021,39,20,32,28,48,47,138,73,505,5942,37,196
04-01-2021,44,81,49,61,69,53,60,69,294,3288,33,134
05-01-2021,25,33,33,52,17,149,158,70,814,11316,81,195
06-01-2021,92,19,107,75,45,121,164,57,862,9804,18,425
07-01-2021,22,84,100,92,27,146,52,79,247,3485,56,92
08-01-2021,55,42,62,103,15,142,103,25,345,4180,42,172
09-01-2021,89,22,87,98,58,145,169,39,439,5855,71,207
10-01-2021,57,37,89,84,89,117,108,31,1017,10655,28,270
11-01-2021,84,78,74,108,48,118,114,28,1120,14693,76,242
12-01-2021,57,26,33,104,42,56,126,79,1128,13827,83,312
13-01-2021,47,45,74,113,29,110,62,54,594,7682,49,212
14-01-2021,66,29,46,111,72,128,139,65,291,3154,56,73
15-01-2021,92,77,101,48,30,142,171,61,1111,15203,74,278
16-01-2021,66,37,63,71,87,111,187,23,1068,15287,38,361
17-01-2021,29,63,53,70,86,98,52,43,1065,11804,59,223
18-01-2021,91,71,52,35,77,68,62,60,901,9441,22,213
19-01-2021,24,25,58,89,89,76,119,40,514,5200,10,166
20-01-2021,32,62,92,89,91,71,148,77,616,8137,43,134
21-01-2021,53,39,88,95,32,58,161,71,882,11497,57,281
22-01-2021,44,41,84,40,37,102,199,50,352,4482,86,120
23-01-2021,42,55,94,77,45,109,197,64,917,10233,57,307
24-01-2021,22,35,95,87,84,96,62,22,906,10830,58,417
25-01-2021,27,12,84,40,64,89,126,41,904,11727,73,324
26-01-2021,65,19,77,43,87,145,116,72,367,4581,70,124
27-01-2021,81,46,36,29,82,55,177,55,1079,16119,38,348
28-01-2021,58,53,80,43,22,133,73,55,1035,11056,48,460
29-01-2021,70,37,89,60,57,99,155,61,852,11481,97,399
30-01-2021,41,22,93,100,97,54,97,51,306,3678,35,139
31-01-2021,64,27,53,101,37,126,197,20,595,7223,26,239
01-02-2021,94,75,86,59,53,142,91,56,990,13452,80,238
02-02-2021,42,78,49,53,94,71,117,75,723,9733,22,204
03-02-2021,68,57,35,65,99,51,194,77,367,5488,78,78
04-02-2021,99,27,37,93,53,136,169,58,1080,11493,35,517
05-02-2021,70,53,68,102,62,40,87,42,1041,10951,58,414
06-02-2021,47,46,89,67,80,72,158,48,377,5135,76,159
07-02-2021,48,68,44,28,55,55,66,44,644,8302,16,188
08-02-2021,78,58,101,42,91,84,90,73,892,10142,67,404
09-02-2021,89,67,40,48,78,113,65,52,309,3212,58,85
10-02-2021,97,20,76,79,36,60,164,22,885,9229,62,177
11-02-2021,47,44,55,93,90,48,192,33,765,11070,74,239
12-02-2021,93,38,108,32,36,145,82,31,1003,10992,71,372
13-02-2021,66,73,94,38,83,43,132,21,1054,12244,26,362
14-02-2021,23,74,43,112,49,46,128,62,349,3885,52,160
15-02-2021,21,70,54,71,40,51,93,41,891,10491,34,206
16-02-2021,83,85,79,113,15,117,145,33,371,3838,12,135
17-02-2021,48,61,67,33,47,71,163,26,813,10239,88,287
18-02-2021,66,78,40,89,47,144,91,33,855,8839,38,243
19-02-2021,34,30,101,86,87,98,154,67,742,10389,41,331
20-02-2021,57,74,105,75,34,73,161,66,491,5483,35,209
21-02-2021,68,33,35,51,47,72,63,33,1139,14465,25,478
22-02-2021,91,73,36,69,53,147,50,57,1152,16589,34,533
23-02-2021,59,66,44,76,27,54,110,51,527,6985,63,219
24-02-2021,35,89,64,100,81,125,59,71,444,5623,37,119
25-02-2021,53,85,45,25,89,130,99,58,960,11156,82,395
26-02-2021,25,15,102,40,19,102,192,71,703,8200,65,205
27-02-2021,72,28,41,119,32,107,80,78,837,11171,74,228
28-02-2021,40,77,43,62,67,117,96,73,1046,15659,95,232
01-03-2021,48,14,78,36,71,131,98,60,1118,14879,89,473
02-03-2021,21,35,99,84,27,44,195,47,504,6445,50,208
03-03-2021,45,27,49,82,37,135,125,55,333,4546,60,90
04-03-2021,63,18,58,57,48,56,72,72,412,5078,80,175
05-03-2021,37,43,41,86,99,65,138,77,914,9414,87,434
06-03-2021,49,40,31,119,74,132,85,62,693,8878,38,161
07-03-2021,42,48,41,84,31,80,130,20,344,5087,92,92
08-03-2021,67,26,103,29,23,145,62,27,956,10397,28,406
09-03-2021,74,58,87,99,16,122,139,28,544,7316,75,153
10-03-2021,42,56,56,76,66,103,78,29,479,5271,50,185
11-03-2021,59,58,77,35,55,105,171,20,328,4158,54,73
12-03-2021,83,45,49,64,25,52,170,59,307,3218,24,103
13-03-2021,91,18,68,97,27,72,97,75,354,4337,12,149
14-03-2021,33,45,85,101,98,146,57,76,1010,13918,20,410
15-03-2021,97,80,54,44,81,46,155,53,714,8380,62,317
16-03-2021,21,75,92,114,20,126,50,78,465,6195,55,215
17-03-2021,23,75,55,74,83,118,64,52,479,6695,39,206
18-03-2021,28,85,73,82,71,133,111,29,735,10757,66,295
19-03-2021,35,21,68,53,94,69,153,70,694,7754,27,145
20-03-2021,51,51,54,59,56,57,75,52,603,7233,60,217
21-03-2021,46,13,36,107,93,91,140,26,813,8749,57,171
22-03-2021,34,45,46,93,21,126,118,43,874,13077,75,386
23-03-2021,87,64,67,29,43,40,159,52,552,8078,17,163
24-03-2021,44,48,70,110,59,110,128,24,517,6565,31,190
25-03-2021,34,14,49,29,30,71,120,66,997,14167,15,282
26-03-2021,31,64,67,93,70,50,138,49,621,7827,85,269
27-03-2021,90,35,104,40,90,62,89,23,287,3764,66,133
28-03-2021,43,65,96,85,24,57,65,24,1026,10717,45,327
29-03-2021,89,66,44,76,65,58,63,33,786,10828,88,360
30-03-2021,60,58,108,36,72,113,148,76,1023,10883,66,286
31-03-2021,79,23,96,115,48,108,176,74,1102,15571,58,397
01-04-2021,50,22,104,113,55,141,148,39,365,5077,54,167
02-04-2021,40,33,47,75,80,56,54,69,1067,14451,91,317
03-04-2021,79,22,74,69,94,102,125,35,446,4540,75,216
04-04-2021,94,56,91,113,55,125,133,35,489,5631,86,115
05-04-2021,99,65,81,31,28,128,137,22,1028,11632,54,211
06-04-2021,97,41,48,65,19,101,158,31,926,10927,88,436
07-04-2021,33,49,75,50,26,148,100,71,709,7400,29,156
08-04-2021,33,33,69,77,65,55,165,40,875,12849,73,435
09-04-2021,43,27,46,116,29,76,65,28,1036,13228,76,502
10-04-2021,91,23,84,74,88,72,177,70,593,6835,92,142
11-04-2021,44,41,76,92,61,48,173,32,784,9396,12,283
12-04-2021,47,78,94,78,36,89,179,30,284,3475,63,72
13-04-2021,37,75,64,118,54,120,73,46,1060,13783,87,348
14-04-2021,76,11,38,56,28,123,54,30,605,7609,73,132
15-04-2021,61,72,43,75,71,92,116,55,1028,15005,49,274
16-04-2021,86,69,87,118,87,68,147,41,527,6579,68,162
17-04-2021,31,16,44,34,22,46,146,31,767,11474,64,254
18-04-2021,55,24,79,86,61,83,86,55,1166,16623,71,575
19-04-2021,88,57,109,115,97,55,115,20,430,4748,13,190
20-04-2021,95,86,84,90,33,96,89,77,745,10916,69,313
21-04-2021,36,39,104,42,79,139,65,79,1123,11883,84,405
22-04-2021,62,11,104,100,65,53,90,24,935,13171,39,422
23-04-2021,59,76,93,62,79,145,100,35,961,11438,11,290
24-04-2021,41,64,69,81,99,64,179,38,946,13612,71,390
25-04-2021,83,31,72,26,71,79,76,32,652,9349,58,324
26-04-2021,29,23,96,75,93,58,99,53,817,11462,18,240
27-04-2021,25,24,47,65,62,124,150,79,963,13433,40,387
28-04-2021,36,59,69,31,84,142,104,32,700,8066,70,317
29-04-2021,95,23,43,107,57,113,179,60,886,9218,88,420
30-04-2021,82,43,50,40,38,64,198,29,541,6500,57,224
01-05-2021,89,12,50,65,22,114,115,28,1108,12041,34,315
02-05-2021,69,53,40,37,87,147,158,62,851,11467,45,253
03-05-2021,99,26,74,63,61,85,123,78,691,8105,17,142
04-05-2021,87,57,64,118,36,44,102,27,442,6576,82,189
05-05-2021,44,44,65,38,60,100,161,40,1116,14736,67,237
06-05-2021,52,42,73,111,60,131,154,33,318,4487,54,146
07-05-2021,20,71,38,100,89,101,152,59,831,8860,71,195
08-05-2021,98,70,31,46,51,67,86,77,560,8013,48,140
09-05-2021,36,64,63,31,64,117,145,41,673,9835,67,230
10-05-2021,62,26,93,93,66,107,156,42,288,3581,90,121
11-05-2021,77,85,83,87,31,70,102,77,883,11506,92,213
12-05-2021,38,67,102,90,82,82,76,57,578,7990,73,191
13-05-2021,73,82,47,99,61,56,156,62,1175,12777,53,405
14-05-2021,20,18,66,75,88,125,133,23,530,6631,38,139
15-05-2021,35,84,48,112,98,75,73,44,776,9306,68,182
16-05-2021,43,39,84,117,58,105,55,46,1031,11064,80,464
17-05-2021,98,27,48,44,58,132,148,39,313,3705,18,109
18-05-2021,83,57,101,67,97,134,197,67,1005,10392,15,205
19-05-2021,77,23,103,59,61,143,52,49,1127,11415,38,496
20-05-2021,43,88,90,28,60,75,70,78,369,3939,67,182
21-05-2021,77,74,55,65,64,120,173,30,1055,15630,26,402
22-05-2021,83,17,71,117,73,95,71,24,884,11268,25,310
23-05-2021,60,20,102,52,75,57,104,67,881,13064,96,408
24-05-2021,52,56,98,43,56,75,178,56,698,8489,12,339
25-05-2021,77,42,100,61,65,66,125,26,395,4565,30,168
26-05-2021,75,46,76,53,25,141,80,65,897,11240,73,299
27-05-2021,34,83,52,63,90,80,144,40,476,5806,99,179
28-05-2021,84,60,78,118,52,101,116,20,1107,11654,45,454
29-05-2021,31,77,57,94,57,87,171,59,782,10325,95,201
30-05-2021,54,30,64,46,15,119,150,49,907,10049,71,303
31-05-2021,56,87,103,46,54,142,117,45,775,10150,51,347
01-06-2021,49,89,43,44,70,136,181,63,357,4730,85,141
02-06-2021,30,58,30,40,92,89,181,24,695,7478,51,224
03-06-2021,79,18,79,88,19,133,137,60,658,6781,70,262
04-06-2021,51,50,104,61,80,144,191,60,703,9774,22,165
05-06-2021,21,50,97,43,17,46,84,60,1012,12446,20,324
06-06-2021,29,75,66,44,67,118,129,29,560,5762,63,245
07-06-2021,65,40,89,85,39,109,67,30,1045,15648,25,278
08-06-2021,41,57,99,35,59,45,103,39,960,9877,17,245
09-06-2021,92,72,57,61,75,132,152,41,678,9136,68,328
10-06-2021,74,63,71,98,88,126,149,40,1153,17200,66,303
11-06-2021,78,59,99,28,25,80,114,23,742,8307,49,206
12-06-2021,49,86,50,117,39,98,107,37,477,5109,68,234
13-06-2021,72,34,103,94,77,121,85,30,1024,10861,11,430
14-06-2021,40,75,97,26,77,70,125,52,974,11216,85,399
15-06-2021,39,49,49,92,56,123,190,25,385,4044,19,175
16-06-2021,99,51,108,114,90,46,163,70,834,11226,53,195
17-06-2021,58,62,55,47,16,130,129,74,382,3938,20,157
18-06-2021,54,54,68,103,98,122,190,56,951,11932,88,333
19-06-2021,48,72,100,41,50,60,89,75,950,14234,89,426
20-06-2021,75,39,86,60,83,105,58,64,477,6711,90,168
21-06-2021,74,42,70,25,75,40,152,45,1023,13376,99,394
22-06-2021,72,70,45,106,30,131,109,25,325,3747,11,111
23-06-2021,67,82,52,44,39,139,169,60,1068,14011,59,366
24-06-2021,86,55,32,70,40,133,64,21,657,8301,21,282
25-06-2021,74,70,34,68,70,46,66,54,983,11924,99,381
26-06-2021,51,63,102,87,39,112,65,58,814,8671,32,317
27-06-2021,77,45,44,77,80,121,89,66,568,8197,27,190
28-06-2021,97,48,55,47,40,146,145,21,506,6197,71,181
29-06-2021,88,38,43,63,33,130,92,39,1157,12695,71,490
30-06-2021,47,82,71,35,97,135,96,34,1163,13768,47,520
01-07-2021,91,22,62,100,18,90,199,79,1088,13132,76,444
02-07-2021,79,22,55,104,54,115,83,61,563,7959,47,268
03-07-2021,32,47,96,99,74,80,106,66,1172,16018,76,522
04-07-2021,37,44,49,25,50,59,130,21,353,4887,70,130
05-07-2021,70,61,48,107,74,101,97,38,887,8918,10,356
06-07-2021,69,36,68,77,72,88,59,37,1171,14146,54,559
07-07-2021,62,73,78,40,31,144,183,29,1021,12667,37,393
08-07-2021,65,67,98,25,71,111,133,34,634,6400,30,283
09-07-2021,43,68,49,41,43,83,108,73,689,7785,22,280
10-07-2021,24,86,50,81,39,102,78,78,992,13691,36,362
11-07-2021,49,47,38,33,34,132,97,79,312,3333,16,85
12-07-2021,62,37,93,111,90,132,70,69,470,5957,31,154
13-07-2021,72,67,82,39,89,141,153,65,905,10023,83,443
14-07-2021,43,51,74,79,61,115,82,41,690,6941,62,274
15-07-2021,33,49,109,95,90,62,61,68,739,8281,88,272
16-07-2021,55,83,54,88,76,80,81,38,527,7841,88,252
17-07-2021,45,74,53,42,97,43,196,31,370,5182,13,139
18-07-2021,32,75,109,75,42,77,67,25,560,8286,32,200
19-07-2021,40,74,71,91,92,83,125,75,750,9329,79,320
20-07-2021,59,36,55,46,57,57,157,77,1091,11508,97,451
21-07-2021,97,88,62,86,66,87,145,72,1014,12918,93,261
22-07-2021,62,61,67,94,25,55,100,53,1031,12652,93,351
23-07-2021,78,45,82,116,75,48,167,39,680,9670,85,232
24-07-2021,68,12,53,77,43,124,81,52,860,9021,42,269
25-07-2021,66,62,96,26,65,60,173,39,1148,14282,37,407
26-07-2021,38,77,59,74,82,143,84,33,803,8632,17,260
27-07-2021,31,55,101,66,74,82,93,28,664,7717,10,172
28-07-2021,55,78,34,26,73,69,100,66,441,6035,46,142
29-07-2021,52,45,80,49,47,109,192,56,1183,14645,72,262
30-07-2021,81,84,82,34,97,46,80,45,367,4359,31,136
31-07-2021,60,76,76,34,29,86,123,33,397,4753,79,181
01-08-2021,96,43,103,61,88,41,194,22,695,8546,30,290
02-08-2021,38,80,99,82,59,40,134,44,324,4511,44,99
03-08-2021,50,84,102,85,45,111,171,53,1190,17207,88,269
04-08-2021,69,59,35,70,43,148,108,38,768,11348,14,200
05-08-2021,61,21,74,56,59,43,51,67,784,10924,69,285
06-08-2021,36,33,65,41,44,106,81,30,865,10014,55,226
07-08-2021,87,28,44,53,41,121,90,32,451,6061,59,163
08-08-2021,25,17,103,56,79,47,97,70,444,5411,57,119
09-08-2021,79,78,74,46,35,44,130,76,870,9807,15,395
10-08-2021,38,10,36,62,22,65,107,54,340,4829,98,108
11-08-2021,77,68,49,59,36,59,120,77,410,4178,65,112
12-08-2021,59,40,102,86,97,46,70,47,995,14436,68,441
13-08-2021,64,74,103,67,42,88,169,76,344,4233,38,104
14-08-2021,61,29,96,60,19,83,167,27,488,6434,80,113
15-08-2021,89,29,57,101,44,104,164,39,700,9307,86,259
16-08-2021,43,62,74,45,47,134,117,77,526,7614,27,196
17-08-2021,41,60,103,49,38,91,190,55,937,12352,11,388
18-08-2021,72,41,65,38,58,63,54,69,436,5698,17,118
19-08-2021,97,69,100,67,54,49,111,72,466,4815,84,155
20-08-2021,43,55,57,81,50,128,72,68,519,6535,63,147
21-08-2021,44,56,67,117,80,132,160,38,1037,11148,47,232
22-08-2021,36,69,34,112,55,89,177,71,539,7377,57,249
23-08-2021,54,70,89,51,47,67,147,69,1148,14420,36,480
24-08-2021,75,28,98,62,27,62,92,34,963,12905,29,279
25-08-2021,47,30,82,44,76,79,95,58,1056,10780,21,401
26-08-2021,85,54,63,108,55,74,60,33,893,9308,52,232
27-08-2021,53,41,86,101,76,82,99,28,315,4278,70,147
28-08-2021,84,26,56,44,83,149,134,66,380,3936,40,89
29-08-2021,22,47,58,109,90,104,65,52,798,8264,70,160
30-08-2021,78,68,86,27,60,89,106,74,559,5623,83,195
31-08-2021,75,10,63,116,25,110,125,46,537,7938,76,201
01-09-2021,41,31,55,90,49,63,150,31,826,11305,44,308
02-09-2021,61,29,34,30,19,147,179,76,481,5659,24,104
03-09-2021,23,61,91,45,48,133,131,79,961,11034,25,282
04-09-2021,98,24,85,108,91,47,96,37,476,5592,22,166
05-09-2021,31,50,85,37,65,142,193,47,478,6631,44,126
06-09-2021,56,83,99,81,80,42,63,58,701,9328,84,323
07-09-2021,60,60,45,26,26,98,89,41,1104,12062,68,249
08-09-2021,77,69,103,72,88,136,159,56,943,10250,30,326
09-09-2021,82,32,104,86,76,106,118,21,503,5277,63,204
10-09-2021,90,72,59,114,93,58,198,33,827,11000,84,230
11-09-2021,24,50,47,111,73,95,128,37,339,4685,39,131
12-09-2021,36,49,51,60,55,132,94,60,475,5379,57,213
13-09-2021,47,18,83,91,53,73,60,48,732,7396,44,188
14-09-2021,46,23,77,49,94,92,172,74,650,6767,95,308
15-09-2021,72,22,63,100,91,83,180,63,959,14230,47,351
16-09-2021,45,17,50,81,85,46,135,24,807,9262,40,233
17-09-2021,68,28,76,29,41,98,196,74,676,9359,87,222
18-09-2021,79,39,72,76,43,99,103,73,1145,15026,33,336
19-09-2021,46,16,68,103,54,95,181,56,654,7788,58,273
20-09-2021,57,53,69,88,73,56,181,65,812,8955,41,356
21-09-2021,99,51,86,56,40,101,144,35,970,10288,64,436
22-09-2021,28,53,40,113,29,86,149,70,824,10773,88,408
23-09-2021,51,12,105,116,52,146,172,27,640,8878,67,279
24-09-2021,20,78,105,83,91,43,123,33,530,7006,12,201
25-09-2021,28,59,74,27,95,110,80,76,615,7780,89,185
26-09-2021,69,61,55,61,57,101,99,75,446,4553,78,162
27-09-2021,90,34,93,31,63,144,157,38,1118,16593,94,237
28-09-2021,56,86,61,42,93,88,171,39,384,5373,19,162
29-09-2021,25,88,91,82,71,111,195,64,567,6500,92,189
30-09-2021,56,33,91,39,80,129,126,55,730,10876,34,150
01-10-2021,58,85,55,51,61,69,80,52,1102,14336,77,241
02-10-2021,23,59,58,65,50,141,120,48,761,9826,70,240
03-10-2021,68,66,69,53,38,82,99,65,1192,16378,38,447
04-10-2021,56,58,80,102,98,51,110,41,498,7001,28,168
05-10-2021,93,82,93,91,72,72,147,53,483,6415,52,186
06-10-2021,29,66,104,42,20,116,138,46,408,4341,75,140
07-10-2021,27,52,91,82,99,149,66,43,1031,12053,83,410
08-10-2021,42,25,53,70,76,62,55,77,1175,17202,70,312
09-10-2021,90,47,82,31,93,96,190,22,848,9432,52,198
10-10-2021,82,86,99,26,88,143,124,38,357,4234,34,135
11-10-2021,85,73,64,96,38,123,130,43,444,5399,29,153
12-10-2021,57,82,85,32,79,128,152,66,769,9379,57,159
13-10-2021,39,69,68,25,45,147,56,23,492,6427,92,154
14-10-2021,50,38,54,116,42,148,138,40,972,14303,96,225
15-10-2021,49,37,101,28,77,46,79,32,1073,12021,33,385
16-10-2021,67,27,95,53,73,88,88,64,539,5717,20,171
17-10-2021,29,68,95,71,92,123,96,24,958,10525,64,367
18-10-2021,79,28,47,30,54,96,121,46,378,5456,37,166
19-10-2021,28,54,88,96,97,46,176,72,980,12964,78,284
20-10-2021,77,56,70,104,29,141,164,42,796,9097,72,388
21-10-2021,51,42,71,29,63,111,129,64,777,10939,68,280
22-10-2021,35,14,97,58,53,58,185,40,1150,16452,14,443
23-10-2021,31,71,104,82,99,41,167,79,1216,17306,60,491
24-10-2021,54,84,42,95,47,121,177,78,683,9968,30,273
25-10-2021,66,63,80,42,90,61,190,54,323,3637,21,114
26-10-2021,36,76,54,35,44,51,144,40,709,9766,59,232
27-10-2021,48,56,60,81,97,69,159,33,670,8242,13,144
28-10-2021,76,50,31,25,39,47,70,69,513,7289,51,105
29-10-2021,55,45,31,100,76,98,84,56,828,11295,93,254
30-10-2021,87,54,107,67,67,87,166,36,514,7135,47,154
31-10-2021,26,55,34,31,31,83,50,61,831,11036,34,262
01-11-2021,38,29,104,30,27,142,174,71,693,7544,23,167
02-11-2021,47,61,108,109,98,124,50,43,733,9327,84,308
03-11-2021,40,74,61,69,53,43,190,65,1148,17132,41,524
04-11-2021,24,86,105,75,60,126,173,66,442,6491,20,212
05-11-2021,68,85,31,66,93,111,57,55,459,4689,70,159
06-11-2021,20,77,61,88,58,139,166,33,383,4145,27,157
07-11-2021,83,85,94,88,62,123,84,44,881,9390,36,402
08-11-2021,47,61,73,62,24,84,119,28,1011,13779,64,329
09-11-2021,63,25,83,43,87,124,145,63,998,14060,63,292
10-11-2021,67,57,69,55,68,61,92,33,499,5522,91,240
11-11-2021,31,32,103,50,29,96,165,55,1155,14471,96,409
12-11-2021,37,11,64,34,64,95,163,22,1142,16220,84,398
13-11-2021,64,79,51,41,51,71,57,73,476,6504,30,120
14-11-2021,70,31,54,86,32,114,92,55,407,5173,53,94
15-11-2021,24,72,51,104,93,123,90,41,1214,15723,14,549
16-11-2021,50,37,50,84,94,130,129,50,541,6785,96,207
17-11-2021,85,32,102,89,58,84,173,24,531,6099,50,158
18-11-2021,64,11,98,68,79,70,67,23,1092,14005,68,281
19-11-2021,78,43,91,94,84,110,127,49,558,7501,98,204
20-11-2021,92,20,39,65,83,58,147,22,1005,14438,63,377
21-11-2021,21,34,57,28,24,84,129,44,556,7328,83,145
22-11-2021,75,62,93,88,81,77,64,25,988,13639,31,449
23-11-2021,54,72,83,95,34,85,114,64,862,9309,92,194
24-11-2021,63,71,106,94,41,42,191,54,771,9489,74,236
25-11-2021,44,48,37,26,51,60,50,73,732,7354,73,295
26-11-2021,35,28,69,118,26,72,128,50,378,4246,80,106
27-11-2021,77,11,74,33,17,146,107,27,564,7688,13,252
28-11-2021,60,52,88,95,20,122,73,36,636,9513,74,268
29-11-2021,63,40,52,59,30,148,139,54,857,8994,24,374
30-11-2021,39,74,109,80,41,90,132,35,475,5703,85,111
01-12-2021,78,68,31,89,40,137,68,36,747,10458,31,180
02-12-2021,87,49,40,79,25,43,154,55,845,9312,95,241
03-12-2021,51,73,90,54,93,125,93,66,705,9006,56,250
04-12-2021,83,20,35,81,30,79,91,60,899,12285,90,381
05-12-2021,58,22,59,118,71,147,123,55,1219,15944,55,549
06-12-2021,34,72,98,32,55,93,114,48,592,6476,23,243
07-12-2021,37,33,104,87,21,67,76,61,990,11659,59,473
08-12-2021,90,59,98,100,96,143,161,35,805,11204,29,339
09-12-2021,86,22,77,90,83,49,71,28,346,4418,59,100
10-12-2021,91,39,100,26,46,122,165,24,664,6657,42,185
11-12-2021,48,63,42,93,97,102,171,28,1071,14785,68,437
12-12-2021,91,46,39,61,26,149,197,44,1119,11387,52,288
13-12-2021,20,34,86,62,20,110,53,54,693,9513,88,157
14-12-2021,64,44,97,42,19,42,52,30,744,8193,21,267
15-12-2021,85,55,36,72,58,110,83,74,1004,14849,49,448
16-12-2021,53,64,101,90,51,82,178,28,709,8394,29,163
17-12-2021,40,26,68,63,74,69,69,43,344,4002,47,150
18-12-2021,67,72,80,30,67,97,53,28,459,4931,12,203
19-12-2021,52,23,46,90,46,121,84,66,685,7896,37,236
20-12-2021,76,24,48,30,16,44,63,32,1013,14570,65,220
21-12-2021,59,86,77,31,29,79,137,69,427,6397,99,107
22-12-2021,90,13,37,45,81,123,91,58,986,11675,22,406
23-12-2021,34,12,56,70,37,84,64,41,1036,12683,86,428
24-12-2021,92,54,62,98,90,101,160,42,654,8901,75,307
25-12-2021,49,29,34,50,76,60,162,55,517,7460,46,193
26-12-2021,63,19,99,46,30,78,153,52,879,11396,58,208
27-12-2021,74,34,54,57,51,106,153,60,1071,12806,75,253
28-12-2021,36,13,82,71,81,108,125,79,1208,14572,45,502
29-12-2021,58,13,60,69,94,94,178,27,381,5135,63,97
30-12-2021,67,18,68,70,82,133,166,78,1080,10817,35,322
31-12-2021,22,66,34,88,78,86,64,52,1044,13674,84,361
01-01-2022,56,57,75,100,79,46,196,51,842,9916,81,174
02-01-2022,36,38,31,36,92,96,137,73,486,6789,49,133
03-01-2022,94,67,93,97,17,99,192,54,542,5672,52,174
04-01-2022,93,44,100,67,70,69,66,52,1065,13782,31,302
05-01-2022,84,23,53,37,52,132,85,30,803,9961,29,193
06-01-2022,93,43,73,34,57,129,177,77,1074,14189,17,449
07-01-2022,44,55,80,104,91,106,55,67,1094,11294,38,485
08-01-2022,35,21,54,47,50,56,73,55,900,11609,49,249
09-01-2022,74,73,48,101,64,66,186,37,890,11398,99,384
10-01-2022,78,57,35,98,22,119,102,49,596,7630,39,188
11-01-2022,51,88,46,108,48,125,115,61,733,9541,90,258
12-01-2022,82,75,43,64,95,131,74,33,937,12539,93,428
13-01-2022,71,16,100,109,19,97,182,36,1227,17208,64,521
14-01-2022,44,30,49,74,59,122,91,78,600,6809,25,264
15-01-2022,32,77,104,118,65,99,190,53,1053,14873,55,253
16-01-2022,99,69,101,57,31,103,173,66,1160,14489,71,256
17-01-2022,47,37,107,36,60,145,128,39,795,8256,16,372
18-01-2022,79,70,64,112,99,132,130,59,355,3653,89,112
19-01-2022,27,45,49,58,66,145,157,73,1169,13643,54,334
20-01-2022,50,38,63,102,85,53,85,44,1144,15929,68,477
21-01-2022,81,31,81,79,65,101,109,23,588,7960,65,265
22-01-2022,53,88,46,108,86,124,52,27,597,8324,57,273
23-01-2022,61,31,99,69,31,70,142,32,1223,15393,36,360
24-01-2022,88,49,34,37,35,81,170,65,352,4294,62,160
25-01-2022,56,40,100,56,55,97,136,20,466,5003,96,98
26-01-2022,50,16,37,108,96,103,155,67,1148,13363,97,246
27-01-2022,52,76,91,46,86,66,82,32,722,8786,82,279
28-01-2022,62,77,92,104,95,139,148,72,413,4312,44,90
29-01-2022,42,63,34,59,58,109,144,69,494,5484,60,146
30-01-2022,64,37,81,108,17,142,188,74,572,7430,93,229
31-01-2022,60,82,107,96,58,135,98,27,588,8042,46,177
01-02-2022,37,79,59,27,85,138,164,71,526,7885,90,133
02-02-2022,33,13,91,28,59,132,54,78,1128,16542,66,320
03-02-2022,35,54,103,112,26,111,157,31,1202,15881,17,405
04-02-2022,43,39,43,108,46,41,84,62,632,7651,88,216
05-02-2022,86,30,103,107,64,83,89,74,413,5443,29,179
06-02-2022,32,62,84,84,79,71,163,74,567,7897,62,241
07-02-2022,58,57,40,25,89,118,134,43,1205,12762,21,406
08-02-2022,40,17,56,55,40,90,157,23,1178,14194,58,534
09-02-2022,80,23,32,90,88,142,64,66,1146,16272,26,268
10-02-2022,38,81,75,65,85,47,62,42,1040,12395,73,287
11-02-2022,99,44,41,40,35,148,138,46,813,10454,51,364
12-02-2022,47,11,107,30,24,93,169,53,962,12447,38,301
13-02-2022,88,78,42,86,82,148,139,63,457,4991,28,225
14-02-2022,27,69,66,36,35,79,65,21,451,5326,20,153
15-02-2022,34,89,34,80,59,139,138,64,864,10085,59,378
16-02-2022,92,57,85,78,40,73,59,28,738,7476,80,236
17-02-2022,37,15,92,108,76,134,161,24,758,7671,67,248
18-02-2022,39,85,53,79,30,51,59,36,1177,16664,43,370
19-02-2022,64,31,76,112,32,113,80,30,872,9910,29,362
20-02-2022,78,23,61,90,39,147,152,68,830,10450,59,302
21-02-2022,45,21,66,86,74,79,87,67,1063,12217,97,513
22-02-2022,85,75,35,105,42,50,115,55,1218,17908,19,335
23-02-2022,57,35,86,45,77,72,133,69,1000,11296,41,230
24-02-2022,25,39,45,53,58,146,90,72,1225,14881,61,389
25-02-2022,22,24,100,88,21,74,105,39,1126,16173,24,433
26-02-2022,40,19,70,77,29,138,105,58,793,11268,93,363
27-02-2022,68,68,101,88,73,42,125,62,379,4142,12,115
28-02-2022,41,89,33,45,65,76,66,66,921,12906,46,364
01-03-2022,64,34,61,90,17,62,197,33,1034,12708,49,315
02-03-2022,49,83,89,95,46,104,106,62,1071,13296,81,412
03-03-2022,51,58,80,28,88,40,56,74,815,8693,49,379
04-03-2022,21,21,54,64,50,118,58,76,440,4577,65,118
05-03-2022,67,36,37,104,91,43,175,33,503,6860,32,161
06-03-2022,58,51,105,73,50,102,78,31,443,5529,20,220
07-03-2022,49,82,49,70,67,90,55,74,436,5312,73,200
08-03-2022,51,43,65,57,47,111,75,31,815,11122,17,301
09-03-2022,46,11,101,106,59,60,121,28,1237,17104,65,439
10-03-2022,31,72,85,39,30,64,118,23,360,3886,69,102
11-03-2022,65,59,51,107,55,82,75,22,410,5350,19,145
12-03-2022,98,61,66,52,22,46,100,79,1045,11157,48,474
13-03-2022,79,12,86,39,54,142,144,65,1077,14816,37,436
14-03-2022,69,63,88,58,70,99,96,57,1132,15038,58,324
15-03-2022,86,79,48,76,19,118,97,21,806,11915,45,209
16-03-2022,98,20,98,35,33,62,87,53,810,8379,22,226
17-03-2022,88,27,55,113,48,86,173,72,1242,12774,45,311
18-03-2022,59,83,86,41,95,131,91,62,849,9687,35,194
19-03-2022,29,29,94,44,68,76,126,52,1161,13129,95,378
20-03-2022,65,16,38,95,25,131,73,39,396,4449,13,92
21-03-2022,22,68,62,37,40,115,189,33,710,10317,91,178
22-03-2022,69,66,60,45,74,84,123,58,457,5140,73,166
23-03-2022,58,34,95,80,77,146,93,78,435,4941,47,108
24-03-2022,63,20,108,114,52,118,70,68,914,12610,97,200
25-03-2022,85,25,91,96,82,129,70,61,517,6332,96,152
26-03-2022,73,73,82,94,35,119,60,78,613,8510,31,163
27-03-2022,76,48,109,107,29,87,191,64,1038,10719,11,368
28-03-2022,57,64,44,79,61,55,77,32,802,9975,40,185
29-03-2022,49,10,44,86,68,127,58,43,482,4901,20,205
30-03-2022,89,83,60,102,17,87,167,76,1136,11715,55,536
31-03-2022,98,52,75,109,67,90,58,30,1256,18252,71,531
01-04-2022,40,19,33,31,15,70,131,51,671,7177,78,241
02-04-2022,77,20,56,94,95,93,141,64,633,8015,73,290
03-04-2022,32,17,46,102,91,126,169,24,420,5063,19,171
04-04-2022,94,36,53,64,69,43,139,65,602,7065,49,122
05-04-2022,87,28,31,110,62,59,54,38,755,10946,33,240
06-04-2022,72,41,47,92,68,145,191,33,1100,11120,53,500
07-04-2022,53,61,96,92,71,120,91,72,1130,15050,69,343
08-04-2022,97,84,77,61,58,110,70,50,1192,17661,71,250
09-04-2022,78,35,96,97,62,77,92,64,768,9831,96,325
10-04-2022,77,28,93,77,79,146,159,75,992,14566,26,437
11-04-2022,57,78,31,27,45,88,160,74,1135,11646,74,281
12-04-2022,31,89,50,107,53,104,123,75,671,8115,66,242
13-04-2022,97,76,66,37,40,119,106,43,575,6497,64,148
14-04-2022,75,49,100,59,92,98,145,35,598,8165,62,248
15-04-2022,33,76,33,53,56,101,85,70,1222,18215,65,343
16-04-2022,38,62,75,70,42,130,172,50,947,10684,18,279
17-04-2022,95,32,31,26,32,82,159,33,444,5892,31,201
18-04-2022,86,12,30,107,67,54,136,43,805,8847,22,276
19-04-2022,73,81,76,47,38,55,194,31,473,6067,98,189
20-04-2022,92,19,71,31,17,133,197,63,792,9757,57,254
21-04-2022,47,30,42,104,90,41,184,76,1075,15974,27,311
22-04-2022,20,87,49,43,65,59,135,61,1135,14803,85,439
23-04-2022,31,34,107,61,93,118,193,51,1109,13028,49,273
24-04-2022,87,74,99,105,58,71,131,34,1177,12441,26,367
25-04-2022,82,79,71,36,26,119,151,47,678,7292,24,178
26-04-2022,80,16,92,98,62,122,153,32,470,5229,24,192
27-04-2022,22,89,59,80,20,144,195,70,1222,13753,88,590
28-04-2022,25,59,30,78,16,114,116,64,1170,16676,72,583
29-04-2022,20,46,103,69,65,89,106,27,708,9066,48,237
30-04-2022,22,47,93,60,32,73,71,47,1232,15544,22,339
01-05-2022,70,66,43,97,81,40,161,62,808,8543,90,268
02-05-2022,22,31,55,69,58,141,128,78,821,11740,41,372
03-05-2022,28,17,91,49,50,114,95,35,682,9284,18,178
04-05-2022,37,49,40,101,75,130,159,28,623,6440,49,302
05-05-2022,45,37,66,70,25,130,155,27,540,7311,29,163
06-05-2022,41,23,57,73,96,57,184,50,856,10886,99,424
07-05-2022,84,58,32,98,47,143,123,79,710,7390,94,320
08-05-2022,89,73,78,107,33,49,144,36,917,11271,91,405
09-05-2022,45,32,102,115,46,110,192,61,1134,14088,86,334
10-05-2022,81,79,61,107,21,49,196,20,482,5219,89,97
11-05-2022,88,76,46,91,29,79,179,20,939,13830,82,295
12-05-2022,34,74,63,50,36,71,109,77,457,6512,72,132
13-05-2022,39,26,76,44,64,49,101,29,510,6806,85,107
14-05-2022,67,60,60,53,49,101,165,23,1174,14453,53,412
15-05-2022,47,55,38,60,38,102,190,78,1277,15399,47,409
16-05-2022,76,47,95,89,51,56,137,62,515,6826,92,201
17-05-2022,56,72,103,44,28,123,162,77,562,7152,69,217
18-05-2022,70,43,55,117,41,51,102,29,779,8032,80,184
19-05-2022,92,79,45,98,59,73,190,22,708,8894,57,349
20-05-2022,39,20,55,82,17,125,158,73,1163,16319,27,297
21-05-2022,26,65,105,36,77,127,57,29,887,10906,25,295
22-05-2022,70,28,102,110,78,149,87,65,1231,12629,64,426
23-05-2022,77,76,84,103,49,68,121,72,448,6241,48,198
24-05-2022,28,58,84,87,54,92,175,52,926,10192,77,212
25-05-2022,52,60,59,102,79,69,152,64,1154,13032,68,379
26-05-2022,84,22,55,119,68,79,134,79,433,4686,98,168
27-05-2022,27,76,76,50,89,136,126,31,830,9670,71,219
28-05-2022,69,58,79,58,16,53,135,42,586,8077,22,227
29-05-2022,67,18,87,55,68,111,103,63,507,6386,90,241
30-05-2022,82,89,38,98,59,130,62,45,1128,12435,15,563
31-05-2022,92,68,72,96,38,52,194,75,424,6100,92,88
01-06-2022,94,51,102,103,44,132,120,41,1134,16327,86,306
02-06-2022,28,21,40,48,18,58,104,36,1265,18156,69,370
03-06-2022,29,32,95,25,32,107,90,77,493,5518,99,157
04-06-2022,40,45,71,51,23,68,137,35,1144,14021,23,311
05-06-2022,94,45,80,61,58,112,166,32,1046,15611,63,273
06-06-2022,39,81,78,91,79,76,117,61,566,7844,13,275
07-06-2022,31,60,82,43,40,43,82,55,1231,12477,48,585
08-06-2022,69,86,90,117,32,94,61,38,479,4946,81,102
09-06-2022,98,73,86,82,20,131,129,74,758,9338,34,228
10-06-2022,25,65,105,98,83,132,173,78,904,13149,86,290
11-06-2022,36,40,71,91,86,47,68,31,1284,16298,41,348
12-06-2022,76,80,52,45,86,110,144,42,745,9304,68,289
13-06-2022,88,86,62,105,90,98,197,70,1285,13527,72,503
14-06-2022,98,16,68,98,75,143,162,75,1081,14359,47,492
15-06-2022,70,67,87,79,15,42,93,72,667,9411,62,281
16-06-2022,86,87,67,116,78,101,55,27,581,6915,76,210
17-06-2022,22,89,47,58,95,65,60,79,1250,17347,37,495
18-06-2022,98,85,79,36,15,124,97,59,581,8611,12,163
19-06-2022,67,56,69,71,79,81,76,23,1054,11613,89,398
20-06-2022,91,60,104,116,79,117,89,55,480,6055,31,166
21-06-2022,25,24,99,25,19,100,70,35,1059,12110,47,254
22-06-2022,24,45,103,116,60,76,117,69,448,6255,81,122
23-06-2022,35,77,96,50,44,123,184,54,1022,13171,81,293
24-06-2022,72,22,87,66,83,83,187,44,439,5782,71,209
25-06-2022,36,72,75,105,45,117,188,71,791,11065,66,212
26-06-2022,58,65,75,118,18,58,55,58,1178,14112,15,337
27-06-2022,24,10,95,103,72,107,161,66,394,5742,87,122
28-06-2022,44,31,46,40,90,69,108,61,855,10828,41,341
29-06-2022,40,10,97,91,31,77,107,59,993,10714,19,233
30-06-2022,27,43,70,69,96,145,170,65,1072,14450,12,521
01-07-2022,65,87,88,78,88,90,64,76,1219,17024,68,560
02-07-2022,53,15,40,68,37,110,172,70,924,10703,85,344
03-07-2022,98,31,82,45,85,143,124,41,796,11371,58,320
04-07-2022,54,54,64,30,39,78,121,38,1229,17858,68,251
05-07-2022,45,18,35,33,36,93,132,61,904,10291,40,272
06-07-2022,54,63,32,115,40,112,92,30,1036,15454,78,454
07-07-2022,72,10,70,104,21,112,169,39,625,6689,71,139
08-07-2022,34,38,40,73,28,60,144,52,916,10085,61,260
09-07-2022,86,72,78,91,50,57,90,37,738,8059,98,277
10-07-2022,60,18,99,96,83,49,182,49,438,6337,50,121
11-07-2022,28,15,90,101,35,80,109,29,939,12461,40,450
12-07-2022,55,89,42,48,53,52,166,74,471,5068,94,112
13-07-2022,71,49,30,58,30,97,124,71,1123,13702,93,493
14-07-2022,77,71,54,96,51,52,133,66,1207,15783,31,425
15-07-2022,29,24,77,103,64,106,195,27,467,4864,13,198
16-07-2022,49,84,49,96,65,97,142,51,1188,17121,22,348
17-07-2022,77,22,89,92,44,85,116,65,643,9013,54,227
18-07-2022,94,49,99,32,31,95,81,22,442,5536,51,202
19-07-2022,78,40,32,48,21,130,56,65,516,7655,58,175
20-07-2022,50,79,55,38,57,106,166,65,609,7362,29,187
21-07-2022,95,68,35,50,88,117,148,46,634,9459,86,228
22-07-2022,44,43,91,25,87,83,110,56,452,6029,90,187
23-07-2022,58,39,61,100,89,59,165,35,746,9827,63,248
24-07-2022,75,54,81,89,72,71,138,38,503,5447,45,242
25-07-2022,96,58,109,59,72,116,140,23,1228,17695,10,354
26-07-2022,49,72,32,85,89,87,92,54,445,5401,24,152
27-07-2022,22,85,81,95,37,113,56,29,970,10486,86,414
28-07-2022,50,84,31,75,15,66,189,25,734,7386,26,298
29-07-2022,65,68,39,85,79,85,107,53,424,5426,33,194
30-07-2022,54,15,81,29,44,105,116,47,1202,15189,67,599
31-07-2022,32,68,79,97,54,54,60,49,655,8905,81,214
01-08-2022,49,19,104,105,90,48,50,37,406,5867,32,94
02-08-2022,89,75,40,88,74,119,94,50,1024,10646,55,214
03-08-2022,30,48,66,62,59,71,107,40,1266,17290,81,529
04-08-2022,30,42,37,45,61,107,186,48,652,7130,17,301
05-08-2022,87,63,97,42,27,47,89,42,1092,15605,68,290
06-08-2022,41,81,63,32,60,71,197,23,1119,15772,99,276
07-08-2022,88,54,91,38,23,53,50,67,703,8930,68,153
08-08-2022,50,43,34,90,73,88,75,51,1039,14079,22,464
09-08-2022,50,88,48,48,22,110,138,45,457,5288,48,134
10-08-2022,22,40,107,89,51,109,70,21,1127,13925,37,361
11-08-2022,54,63,36,108,84,117,119,70,927,13078,98,325
12-08-2022,79,85,44,77,77,54,170,65,875,10759,70,395
13-08-2022,29,14,87,113,88,124,185,63,430,5069,25,169
14-08-2022,95,57,79,114,45,100,162,62,480,5986,11,184
15-08-2022,46,76,45,25,72,125,159,21,618,8739,91,156
16-08-2022,31,67,61,59,93,86,119,51,789,9212,26,279
17-08-2022,34,30,67,113,74,114,166,25,768,8347,39,318
18-08-2022,45,14,61,114,97,47,86,42,1069,14495,22,525
19-08-2022,47,69,101,76,66,86,122,32,929,13126,91,241
20-08-2022,32,80,86,88,70,137,129,22,1103,11585,22,223
21-08-2022,63,15,66,105,63,80,142,39,716,8018,52,159
22-08-2022,57,58,88,30,76,97,165,56,1287,13783,94,402
23-08-2022,23,40,61,93,57,43,55,27,411,4825,30,183
24-08-2022,97,48,85,25,98,112,186,33,408,4998,64,82
25-08-2022,66,73,32,43,47,128,105,55,1028,14128,90,346
26-08-2022,27,34,79,34,19,105,63,36,1155,15310,49,345
27-08-2022,85,66,61,112,50,48,131,60,769,10077,92,165
28-08-2022,27,20,34,53,37,140,85,24,1157,13608,24,387
29-08-2022,94,56,100,35,44,101,163,65,914,12985,82,252
30-08-2022,78,61,107,111,76,81,90,40,680,8402,61,207
31-08-2022,78,28,106,44,72,71,143,29,913,13599,83,375
01-09-2022,36,60,109,52,36,70,150,59,1213,15976,62,432
02-09-2022,49,55,109,110,97,134,148,56,1146,12183,96,272
03-09-2022,70,10,107,48,17,101,186,56,1290,17261,61,630
04-09-2022,76,30,91,115,97,139,184,65,423,4917,39,165
05-09-2022,29,59,53,52,45,135,124,35,600,8058,42,257
06-09-2022,53,81,105,57,96,98,136,66,1039,10751,66,232
07-09-2022,34,74,104,65,24,76,152,35,894,9721,61,191
08-09-2022,44,20,58,93,86,48,139,32,437,6239,18,89
09-09-2022,33,82,33,44,42,72,50,35,1123,12505,63,288
10-09-2022,44,48,101,104,59,140,122,55,448,6354,10,145
11-09-2022,72,43,101,40,74,139,89,42,683,7783,53,328
12-09-2022,36,20,58,48,88,107,104,22,641,8470,84,216
13-09-2022,85,86,73,114,22,149,127,27,496,6681,89,142
14-09-2022,67,74,76,54,87,98,198,53,884,11105,18,325
15-09-2022,21,24,84,35,20,107,148,64,537,6189,41,125
16-09-2022,82,68,103,35,15,53,192,59,1223,13530,24,468
17-09-2022,71,15,97,89,41,75,198,23,948,9637,21,351
18-09-2022,91,66,58,40,66,71,180,49,557,6416,87,243
19-09-2022,72,51,75,93,97,51,68,36,937,12430,66,464
20-09-2022,46,60,90,92,17,101,126,67,624,9167,17,171
21-09-2022,76,82,67,27,21,92,127,44,437,6273,81,154
22-09-2022,42,72,89,31,68,57,130,46,993,13733,36,469
23-09-2022,80,26,73,78,55,102,94,28,807,11251,71,351
24-09-2022,31,22,55,68,98,126,177,50,480,6395,21,166
25-09-2022,89,35,80,58,36,111,177,46,646,7300,74,312
26-09-2022,62,68,51,52,80,55,60,34,523,7602,51,113
27-09-2022,43,60,86,61,77,132,122,72,560,7478,71,268
28-09-2022,76,44,35,56,31,124,145,43,525,6721,20,112
29-09-2022,44,68,63,99,24,48,128,28,643,6786,52,234
30-09-2022,39,82,78,42,86,95,97,73,526,6435,26,245
01-10-2022,66,72,43,117,71,123,80,49,885,10887,41,246
02-10-2022,64,44,108,91,95,100,104,45,449,6430,94,153
03-10-2022,25,29,78,56,72,65,118,32,1039,13229,94,308
04-10-2022,50,16,84,59,97,49,89,74,1192,14187,49,578
05-10-2022,52,56,64,113,54,84,79,48,785,11683,32,350
06-10-2022,85,77,96,117,54,118,79,68,1165,12294,65,480
07-10-2022,21,50,109,42,91,104,53,65,1012,12258,15,380
08-10-2022,64,60,76,62,71,120,197,37,971,9914,95,433
09-10-2022,33,83,59,70,84,103,61,53,842,11534,59,267
10-10-2022,22,50,71,83,91,58,58,24,1031,15042,46,344
11-10-2022,31,45,80,53,63,46,183,28,936,10670,73,392
12-10-2022,70,73,69,89,58,127,179,46,1110,15863,63,341
13-10-2022,92,84,45,36,66,100,161,32,700,8022,81,153
14-10-2022,23,69,91,34,26,121,177,68,739,10755,58,164
15-10-2022,24,41,64,67,81,74,86,67,1157,15931,20,271
16-10-2022,72,41,72,85,91,111,122,28,862,12089,97,397
17-10-2022,88,67,89,78,44,63,127,63,735,7416,58,251
18-10-2022,95,64,95,48,91,135,146,62,1297,19213,30,536
19-10-2022,64,85,106,110,30,134,63,75,1161,15828,75,369
20-10-2022,30,15,102,102,71,59,185,31,797,9184,72,221
21-10-2022,46,89,95,74,26,118,151,29,710,10044,92,215
22-10-2022,22,28,103,26,61,61,125,46,858,9787,37,376
23-10-2022,40,48,42,77,35,54,123,79,1083,15555,26,419
24-10-2022,30,49,63,86,28,148,121,38,698,7372,15,335
25-10-2022,47,45,109,93,98,94,156,29,1132,15302,28,457
26-10-2022,48,18,51,29,84,72,197,38,1004,12754,65,372
27-10-2022,93,49,107,36,34,138,65,59,925,9696,37,354
28-10-2022,98,32,89,118,75,133,145,35,1047,11736,75,505
29-10-2022,63,46,86,77,25,124,89,67,939,9448,47,409
30-10-2022,48,55,41,51,69,145,180,20,773,9541,46,160
31-10-2022,87,33,82,28,58,97,148,63,1266,14567,77,456
01-11-2022,43,38,81,85,69,56,126,23,870,11302,95,353
02-11-2022,43,65,83,115,90,121,162,73,1254,14403,99,532
03-11-2022,33,53,80,67,52,70,104,70,774,8900,58,204
04-11-2022,45,82,104,68,66,50,51,43,1031,14141,52,474
05-11-2022,94,71,59,84,55,145,55,68,1089,11152,45,530
06-11-2022,22,15,60,47,22,51,60,48,1248,18114,67,338
07-11-2022,30,19,98,36,83,66,92,42,562,8014,22,261
08-11-2022,66,22,105,39,40,135,172,47,1185,15806,61,271
09-11-2022,69,22,93,58,37,136,167,55,1325,17180,67,287
10-11-2022,25,70,77,41,88,76,161,28,669,9674,41,159
11-11-2022,71,46,58,91,87,95,78,46,969,10587,90,210
12-11-2022,52,86,51,38,91,102,160,62,467,4854,69,211
13-11-2022,36,84,48,100,18,124,98,73,656,7345,92,142
14-11-2022,59,21,37,104,15,128,59,71,975,13623,67,274
15-11-2022,37,64,73,102,47,52,110,28,650,6612,65,150
16-11-2022,63,53,89,27,75,68,141,20,434,5604,37,125
17-11-2022,23,86,108,97,30,139,162,41,750,11232,10,170
18-11-2022,76,68,69,77,68,129,148,70,896,12793,51,358
19-11-2022,98,80,91,118,91,82,53,55,1161,14636,91,278
20-11-2022,68,22,56,97,56,79,197,67,504,5200,57,229
21-11-2022,60,17,77,80,99,118,66,71,433,6129,49,192
22-11-2022,52,71,74,27,91,78,190,33,1276,16581,72,260
23-11-2022,83,19,78,105,81,84,159,52,1076,11378,85,504
24-11-2022,47,17,31,96,37,55,120,30,548,5737,81,114
25-11-2022,71,47,97,33,28,68,61,76,1311,19072,97,356
26-11-2022,65,58,72,54,31,115,175,69,1036,13826,89,217
27-11-2022,79,18,45,70,52,114,119,28,935,13226,13,281
28-11-2022,59,42,64,70,39,93,121,70,1005,14466,47,355
29-11-2022,29,66,104,108,21,132,198,26,872,11212,36,382
30-11-2022,73,72,40,28,42,54,189,29,626,7879,18,188
01-12-2022,68,58,85,114,98,99,79,50,1279,15542,25,526
02-12-2022,98,21,79,92,56,76,178,21,1147,13287,65,293
03-12-2022,63,27,41,116,77,75,197,63,824,10030,85,350
04-12-2022,47,64,62,33,23,105,177,65,459,6366,40,124
05-12-2022,58,57,71,116,36,44,119,79,868,11292,97,210
06-12-2022,45,81,46,117,68,111,137,60,606,8764,23,154
07-12-2022,20,10,51,46,84,71,182,64,733,8954,34,186
08-12-2022,27,82,105,31,96,104,97,46,1079,14065,43,381
09-12-2022,53,13,77,64,73,117,173,47,760,9998,76,344
10-12-2022,34,29,61,27,28,135,91,58,844,10936,33,188
11-12-2022,85,83,34,67,78,127,189,69,553,7472,82,227
12-12-2022,31,85,108,114,16,119,121,38,1271,14218,35,503
13-12-2022,77,37,77,42,27,41,63,45,1222,15350,29,564
14-12-2022,37,43,98,110,79,40,54,40,1159,12193,73,316
15-12-2022,78,52,101,66,37,83,130,46,661,7880,19,221
16-12-2022,80,21,88,85,95,119,76,79,968,12040,92,462
17-12-2022,26,72,94,63,88,47,75,64,549,7280,76,218
18-12-2022,61,86,41,54,31,113,78,53,576,8497,33,182
19-12-2022,85,39,46,64,75,129,64,76,996,12951,14,238
20-12-2022,65,31,30,44,45,74,82,69,438,6008,76,122
21-12-2022,78,46,44,98,23,81,166,45,527,6604,67,197
22-12-2022,67,44,95,71,70,60,142,35,1092,14382,36,453
23-12-2022,96,53,51,46,52,44,199,47,758,7848,89,179
24-12-2022,87,61,56,41,28,124,60,77,988,11136,24,375
25-12-2022,42,70,80,96,59,74,199,62,1243,14678,44,453
26-12-2022,37,86,78,71,82,88,130,21,1333,16479,85,472
27-12-2022,40,76,100,91,17,57,104,50,578,5911,62,235
28-12-2022,33,29,76,73,55,110,108,73,950,10165,53,428
29-12-2022,96,74,60,38,25,100,196,45,1307,14878,35,388
30-12-2022,69,36,84,83,22,44,102,75,1285,19092,56,599
31-12-2022,96,50,40,40,48,87,55,49,699,8148,43,173
01-01-2023,27,75,75,113,80,120,183,31,1113,13812,96,280
02-01-2023,23,72,48,44,24,98,113,52,1131,12418,59,316
03-01-2023,89,28,92,34,56,66,72,58,451,5887,93,106
04-01-2023,43,31,56,107,62,95,105,72,702,8005,21,188
05-01-2023,43,70,104,86,53,67,93,21,1091,12039,96,253
06-01-2023,68,78,73,89,18,85,182,51,614,7725,13,274
07-01-2023,39,32,55,117,81,112,100,68,1340,13436,96,323
08-01-2023,32,53,44,103,57,56,196,48,455,4567,57,193
09-01-2023,91,88,40,80,81,85,118,50,611,6779,64,130
10-01-2023,77,37,49,68,18,71,145,78,1085,11049,10,525
11-01-2023,53,34,106,30,60,64,118,35,1039,10951,98,429
12-01-2023,66,57,59,81,77,73,124,51,764,8934,75,154
13-01-2023,24,78,109,114,15,40,87,21,763,10691,39,327
14-01-2023,35,21,93,97,25,136,108,71,1057,13593,12,374
15-01-2023,99,35,34,93,33,76,194,57,773,9711,30,335
16-01-2023,97,64,47,43,17,100,148,23,1229,14093,98,438
17-01-2023,46,49,92,40,19,57,198,79,1222,17913,93,479
18-01-2023,61,35,109,33,44,98,64,38,995,11925,58,433
19-01-2023,79,81,87,51,77,134,125,32,864,9016,95,277
20-01-2023,50,26,51,58,63,79,140,45,1052,13765,94,211
21-01-2023,33,66,87,64,59,147,129,43,541,5717,71,246
22-01-2023,97,51,70,50,68,88,89,61,1263,14810,47,396
23-01-2023,34,49,103,77,63,122,122,47,1027,12875,24,358
24-01-2023,39,59,87,75,44,138,56,45,765,10993,61,154
25-01-2023,77,44,34,104,36,102,91,26,683,8515,88,237
26-01-2023,47,32,108,86,34,117,136,29,781,10552,55,387
27-01-2023,46,34,55,96,31,112,182,55,1332,19932,34,377
28-01-2023,20,21,81,71,55,59,151,48,824,8781,30,262
29-01-2023,31,76,80,63,26,106,102,76,907,10315,97,368
30-01-2023,78,48,101,80,50,49,182,30,585,7004,14,259
31-01-2023,43,19,102,103,72,46,76,51,1037,12557,79,337
01-02-2023,42,39,108,97,31,68,116,47,996,12006,56,291
02-02-2023,22,37,50,106,93,40,179,50,962,13985,96,463
03-02-2023,35,27,84,89,33,117,94,79,745,10109,77,300
04-02-2023,66,18,31,50,92,91,156,20,770,10040,27,181
05-02-2023,85,22,99,27,17,134,148,29,1022,11800,30,225
06-02-2023,56,28,66,55,99,101,91,28,1282,18100,95,442
07-02-2023,22,87,100,49,90,133,153,58,799,11805,32,212
08-02-2023,80,38,47,88,71,88,71,79,1291,18210,73,356
09-02-2023,31,56,96,88,16,55,108,51,1230,12309,76,569
10-02-2023,80,53,78,103,27,110,179,76,1324,17452,49,300
11-02-2023,99,77,38,28,25,42,51,70,681,6984,19,282
12-02-2023,31,70,52,85,81,70,185,31,722,8149,98,203
13-02-2023,41,85,43,101,89,124,185,63,1280,13180,61,547
14-02-2023,38,51,59,110,83,46,81,45,1250,16273,81,520
15-02-2023,31,81,33,105,70,60,190,44,744,9994,84,150
16-02-2023,95,31,48,51,29,55,54,72,1178,12454,70,415
17-02-2023,69,45,86,108,37,141,151,67,618,7366,73,149
18-02-2023,42,61,108,71,53,67,86,49,458,5624,14,210
19-02-2023,28,74,45,115,65,145,109,51,1305,15458,62,602
20-02-2023,36,30,107,27,60,41,86,68,833,8834,64,271
21-02-2023,21,61,33,96,42,135,59,71,532,6434,46,177
22-02-2023,56,51,47,103,67,51,169,36,865,11898,65,251
23-02-2023,80,69,46,91,53,142,113,68,1029,10655,68,427
24-02-2023,94,34,61,117,42,105,197,26,587,6105,78,180
25-02-2023,88,75,99,117,82,122,153,37,1056,12433,82,296
26-02-2023,53,43,82,57,91,55,66,67,1205,17723,68,397
27-02-2023,29,69,34,57,91,149,83,71,498,6644,11,113
28-02-2023,96,37,69,82,82,54,197,36,545,7299,74,231
01-03-2023,21,56,98,65,31,88,126,38,858,10132,69,174
02-03-2023,42,76,105,94,21,109,140,73,753,9765,60,296
03-03-2023,22,16,109,118,24,42,169,38,1297,13035,39,330
04-03-2023,93,62,103,97,72,129,131,77,752,9911,20,202
05-03-2023,22,11,85,103,72,101,178,30,1074,15644,85,419
06-03-2023,98,58,44,25,80,43,78,59,984,12853,48,489
07-03-2023,82,32,37,94,93,45,176,67,1258,18075,99,545
08-03-2023,93,27,36,114,76,49,174,38,1149,15649,86,307
09-03-2023,66,15,56,90,83,146,196,79,1096,11620,81,277
10-03-2023,92,43,102,76,86,81,187,36,881,12785,72,405
11-03-2023,72,45,50,114,89,48,92,37,1324,13679,73,441
12-03-2023,35,18,92,97,18,126,132,67,482,6106,70,116
13-03-2023,49,82,85,66,58,53,154,25,1035,11085,63,474
14-03-2023,32,85,99,30,55,62,80,31,603,6065,82,268
15-03-2023,84,60,72,55,87,105,135,72,1125,13623,67,557
16-03-2023,87,82,37,62,35,91,191,64,606,6953,94,286
17-03-2023,79,47,35,73,34,86,146,20,686,8526,65,312
18-03-2023,26,70,99,65,26,117,118,71,964,12422,43,208
19-03-2023,75,33,100,102,65,108,91,33,1282,13100,40,296
20-03-2023,69,28,40,79,65,110,71,25,1078,11442,61,399
21-03-2023,49,40,77,31,84,118,157,68,566,7240,98,203
22-03-2023,58,50,55,59,94,95,184,43,501,5869,85,169
23-03-2023,82,28,53,40,62,57,125,55,660,9006,10,210
24-03-2023,46,13,101,43,78,117,154,53,1109,14706,64,365
25-03-2023,33,56,90,45,86,64,107,35,1042,14825,31,386
26-03-2023,74,64,61,62,26,128,136,24,854,11496,49,171
27-03-2023,59,82,92,72,48,144,187,20,643,7812,10,178
28-03-2023,77,69,38,83,15,97,172,27,1018,13605,74,361
29-03-2023,50,35,89,108,91,60,143,56,912,10375,72,379
30-03-2023,26,71,52,116,91,110,67,26,964,11116,63,243
31-03-2023,92,48,106,116,51,121,108,52,480,6693,51,174
01-04-2023,85,42,98,116,63,76,121,43,1088,13308,30,450
02-04-2023,77,87,107,27,37,131,149,40,1134,15866,88,378
03-04-2023,90,61,74,58,17,48,159,72,754,10640,90,156
04-04-2023,88,43,53,94,34,76,170,38,944,13487,31,316
05-04-2023,99,32,95,110,29,120,162,71,697,10164,47,201
06-04-2023,97,41,32,32,59,141,95,28,886,10769,89,424
07-04-2023,79,80,90,28,83,83,57,63,624,7234,17,148
08-04-2023,92,48,42,28,74,47,86,75,1017,13130,71,402
09-04-2023,25,85,44,112,74,145,125,45,908,10765,56,195
10-04-2023,64,79,82,103,41,121,119,65,564,7335,26,188
11-04-2023,67,14,100,63,35,123,54,33,879,11891,26,321
12-04-2023,60,12,72,86,30,113,144,61,757,10175,99,219
13-04-2023,82,17,44,84,76,76,138,23,722,8572,22,242
14-04-2023,21,48,40,43,16,46,112,58,665,7204,26,165
15-04-2023,78,11,96,115,31,116,114,24,1067,12966,47,310
16-04-2023,56,60,40,103,87,110,72,69,1303,13959,90,503
17-04-2023,63,16,32,77,22,66,63,69,991,14320,87,287
18-04-2023,61,39,44,34,22,84,76,48,987,11576,54,463
19-04-2023,63,75,64,87,60,129,157,42,1105,11903,15,429
20-04-2023,84,10,59,116,89,58,198,52,1312,13286,44,435
21-04-2023,83,24,94,43,95,123,81,53,1335,17660,23,282
22-04-2023,23,62,84,27,83,72,93,61,589,7765,81,206
23-04-2023,56,61,87,63,77,82,103,24,1277,14944,70,548
24-04-2023,49,57,53,55,55,119,129,26,630,6525,24,176
25-04-2023,65,43,82,70,52,76,158,63,1287,15505,63,568
26-04-2023,49,30,40,77,93,64,190,31,700,8089,36,192
27-04-2023,77,67,37,26,43,55,138,43,1349,18057,22,603
28-04-2023,48,69,70,108,19,50,117,61,688,8963,40,155
29-04-2023,86,77,38,78,24,65,170,49,1169,13821,44,537
30-04-2023,69,68,68,30,70,118,178,43,488,5411,69,170
01-05-2023,22,43,78,50,93,140,82,54,630,9412,15,182
02-05-2023,94,82,82,90,39,53,70,64,1121,13754,78,313
03-05-2023,56,50,90,103,58,91,146,63,735,9879,95,242
04-05-2023,97,46,108,25,62,125,100,61,631,6753,67,315
05-05-2023,59,50,32,55,55,53,191,55,521,6474,58,138
06-05-2023,46,83,41,69,29,40,121,35,799,8100,32,184
07-05-2023,54,48,109,84,97,41,71,21,1319,16523,98,495
08-05-2023,78,62,33,91,77,44,197,41,1160,17191,43,402
09-05-2023,38,86,66,89,71,95,127,44,605,7212,35,216
10-05-2023,22,46,60,119,20,117,160,29,887,9042,56,354
11-05-2023,37,80,36,67,73,133,73,79,571,5798,14,159
12-05-2023,34,79,71,40,66,132,135,41,1103,13169,99,521
13-05-2023,66,28,42,104,71,74,55,66,1231,13294,29,407
14-05-2023,45,34,35,109,51,60,190,69,769,7779,15,183
15-05-2023,60,83,51,68,95,95,74,21,1271,17515,79,537
16-05-2023,32,73,89,57,35,144,55,54,1288,15832,68,506
17-05-2023,37,72,88,118,42,82,114,42,761,8710,73,224
18-05-2023,95,27,63,44,23,90,130,20,547,7931,27,211
19-05-2023,56,59,55,27,47,99,97,40,1138,12040,13,302
20-05-2023,64,55,80,42,50,110,89,49,489,7227,26,163
21-05-2023,30,75,79,33,90,88,76,57,733,8480,23,344
22-05-2023,32,41,103,84,25,132,160,75,1321,19077,87,317
23-05-2023,74,83,72,60,33,87,196,35,1351,17582,22,426
24-05-2023,75,35,65,54,93,121,113,26,1029,14543,16,459
25-05-2023,38,62,55,48,72,102,111,56,614,9160,53,301
26-05-2023,20,83,42,60,90,75,193,40,1192,13638,24,400
27-05-2023,97,45,43,70,90,44,172,38,503,7447,28,177
28-05-2023,21,20,40,110,30,43,180,45,1296,15483,72,481
29-05-2023,24,23,90,67,41,144,171,72,827,9864,44,396
30-05-2023,26,29,47,39,44,140,168,47,783,9162,90,358
31-05-2023,46,49,52,52,31,116,163,30,844,10724,44,211
01-06-2023,50,21,36,81,40,43,182,57,878,9456,28,290
02-06-2023,99,42,95,31,36,56,127,48,700,8937,29,237
03-06-2023,76,16,54,82,23,122,164,51,623,7917,44,272
04-06-2023,53,89,80,32,51,73,168,71,1098,15162,41,418
05-06-2023,25,26,46,91,49,125,70,33,693,9818,57,274
06-06-2023,73,71,80,39,63,78,165,58,1106,13495,53,552
07-06-2023,22,76,53,117,96,85,124,50,1099,12651,33,244
08-06-2023,30,66,52,110,98,70,91,74,1312,14821,70,350
09-06-2023,40,76,51,73,62,101,137,32,1167,12805,26,376
10-06-2023,79,69,102,48,29,80,112,68,944,9712,80,287
11-06-2023,81,69,108,85,83,128,119,36,840,9838,59,173
12-06-2023,43,18,51,91,60,149,88,61,809,9183,74,184
13-06-2023,66,56,39,69,66,47,167,20,618,9166,41,249
14-06-2023,85,28,77,86,79,86,121,64,1373,17558,45,636
15-06-2023,74,46,91,96,44,64,89,32,1290,15139,22,457
16-06-2023,55,58,98,85,52,115,88,65,1326,17108,79,479
17-06-2023,49,16,39,57,42,93,134,73,613,6556,67,169
18-06-2023,79,25,64,118,81,133,67,25,592,7234,23,254
19-06-2023,78,66,50,51,23,82,55,55,1091,14326,46,464
20-06-2023,46,79,40,68,37,111,120,42,1286,16003,88,484
21-06-2023,26,49,32,61,69,79,198,43,865,10387,77,228
22-06-2023,20,27,79,114,18,51,183,66,538,8053,49,123
23-06-2023,59,36,79,29,38,50,71,34,517,7445,68,113
24-06-2023,90,36,72,81,97,81,151,61,950,12461,89,358
25-06-2023,36,84,38,116,59,94,184,48,784,10071,25,350
26-06-2023,39,26,33,34,79,149,140,39,785,10286,71,359
27-06-2023,50,14,38,45,43,81,172,40,1215,13372,13,411
28-06-2023,51,49,102,70,78,81,170,53,1268,15185,54,551
29-06-2023,86,56,107,65,29,79,139,49,896,9136,99,433
30-06-2023,36,41,107,41,69,60,55,67,1259,15583,37,355
01-07-2023,62,72,75,100,74,113,119,69,1304,16580,75,416
02-07-2023,50,39,56,89,66,116,52,75,1103,12286,40,528
03-07-2023,28,27,84,58,99,53,138,49,895,13264,12,269
04-07-2023,80,12,31,97,83,147,158,31,837,12176,17,396
05-07-2023,51,58,37,111,64,139,155,62,1113,15148,33,550
06-07-2023,28,81,99,25,69,136,193,74,911,11539,24,363
07-07-2023,40,64,79,112,38,62,81,20,673,9657,52,299
08-07-2023,42,39,106,59,96,113,160,32,1317,14030,40,559
09-07-2023,47,29,49,32,92,133,128,51,493,6878,82,202
10-07-2023,89,25,56,68,84,128,108,70,1323,14055,54,386
11-07-2023,80,29,73,28,96,81,145,78,1060,14809,75,230
12-07-2023,39,31,40,62,34,47,194,58,864,9831,17,261
13-07-2023,34,83,95,106,43,80,96,63,1154,16600,80,461
14-07-2023,69,31,30,63,38,118,109,64,924,13601,66,213
15-07-2023,76,47,100,85,34,40,140,28,803,8627,89,163
16-07-2023,54,46,74,76,91,132,54,27,631,7769,39,152
17-07-2023,40,81,52,84,21,97,177,77,696,10373,83,288
18-07-2023,78,12,50,46,31,83,142,46,931,11560,27,457
19-07-2023,71,35,60,109,77,51,198,33,808,11568,78,399
20-07-2023,31,52,53,72,42,90,152,61,612,7921,48,213
21-07-2023,88,68,53,82,59,100,77,64,1161,13788,69,534
22-07-2023,84,78,49,98,18,127,87,32,1299,14846,52,546
23-07-2023,60,17,62,53,51,99,133,30,1071,11798,54,375
24-07-2023,68,66,44,41,67,72,52,52,740,10218,32,275
25-07-2023,47,49,106,35,62,53,138,70,1033,12326,78,249
26-07-2023,22,35,71,40,79,93,177,36,1099,13799,15,528
27-07-2023,80,61,53,63,99,40,127,66,572,7128,65,174
28-07-2023,31,87,95,36,64,41,121,31,1303,16790,13,434
29-07-2023,73,22,75,39,75,149,181,74,884,12665,32,354
30-07-2023,25,84,109,76,48,56,66,61,708,10551,15,212
31-07-2023,55,36,36,104,69,40,198,73,973,11712,41,268
01-08-2023,70,86,37,54,50,62,104,46,916,12950,27,356
02-08-2023,22,28,30,98,97,87,98,46,846,11693,24,175
03-08-2023,65,72,30,25,97,83,178,66,1028,13227,49,427
04-08-2023,73,23,47,72,88,139,142,45,1139,16834,82,403
05-08-2023,85,87,33,89,43,81,79,72,1375,15128,83,524
06-08-2023,28,16,76,58,60,121,186,64,1263,13320,93,492
07-08-2023,57,70,95,106,71,124,137,71,679,9689,15,243
08-08-2023,60,72,46,69,67,113,131,68,682,8317,72,255
09-08-2023,71,88,79,52,53,121,100,43,1165,16583,76,471
10-08-2023,60,39,91,110,88,128,103,74,526,7608,20,224
11-08-2023,79,41,56,65,67,40,140,50,681,7022,52,284
12-08-2023,70,28,59,90,18,63,136,37,1211,17459,26,558
13-08-2023,72,67,41,92,68,149,141,73,1003,12278,13,257
14-08-2023,22,46,82,44,87,82,161,79,1358,17045,72,435
15-08-2023,39,40,102,107,84,139,161,39,663,8707,77,321
16-08-2023,41,80,77,57,26,103,85,74,679,9935,90,216
17-08-2023,62,37,42,86,97,60,160,54,788,7955,50,187
18-08-2023,68,50,87,118,73,95,96,50,566,7009,92,202
19-08-2023,48,49,35,71,52,108,181,77,1165,15655,14,271
20-08-2023,95,85,90,89,90,120,60,78,1170,15927,41,305
21-08-2023,54,79,94,34,94,83,147,39,660,8885,95,329
22-08-2023,97,74,51,35,79,54,75,74,1386,14791,79,502
23-08-2023,76,54,89,113,32,116,101,66,973,11186,44,277
24-08-2023,50,19,104,106,71,76,50,58,554,6533,31,276
25-08-2023,73,85,88,51,74,132,92,75,1354,18986,74,663
26-08-2023,58,77,94,42,69,80,161,29,589,6710,93,195
27-08-2023,59,17,38,34,92,112,112,43,866,9572,31,240
28-08-2023,99,16,70,106,15,132,159,39,1195,17670,20,539
29-08-2023,84,18,79,56,30,91,121,45,654,6568,86,271
30-08-2023,41,89,106,90,21,97,76,27,1136,17027,12,461
31-08-2023,33,33,103,92,91,109,77,38,849,11363,18,397
01-09-2023,33,62,37,45,30,137,112,63,983,13901,69,399
02-09-2023,78,36,70,28,25,58,139,28,570,6539,85,162
03-09-2023,86,84,89,39,34,67,129,37,1208,12166,96,493
04-09-2023,89,84,62,119,44,102,50,21,868,11882,23,253
05-09-2023,64,37,37,114,53,109,66,59,1069,15148,27,457
06-09-2023,94,50,75,90,77,120,172,69,835,11441,82,322
07-09-2023,30,28,86,70,76,87,160,50,1277,13682,32,285
08-09-2023,85,24,88,109,55,55,175,41,1245,17140,83,440
09-09-2023,79,21,41,77,90,94,115,41,650,8998,92,196
10-09-2023,95,39,78,54,56,136,77,44,724,9623,56,216
11-09-2023,76,18,92,31,69,61,97,77,945,13069,78,359
12-09-2023,83,45,76,60,21,129,174,72,1401,19935,56,415
13-09-2023,43,40,41,74,93,137,124,42,1233,16112,96,533
14-09-2023,37,33,48,70,17,52,141,69,828,8646,39,183
15-09-2023,40,71,79,81,20,147,129,25,543,6753,34,216
16-09-2023,85,13,51,38,62,126,192,55,1181,12268,37,522
17-09-2023,74,34,61,87,65,149,92,20,796,9582,34,319
18-09-2023,82,52,58,109,27,132,160,48,816,9820,83,284
19-09-2023,87,51,106,43,35,108,64,25,941,9720,87,456
20-09-2023,93,24,36,28,72,72,160,77,989,11614,67,286
21-09-2023,62,39,91,26,90,55,95,77,798,8422,50,164
22-09-2023,33,84,40,103,67,110,145,52,657,9225,34,216
23-09-2023,97,19,99,54,92,104,172,55,937,13809,87,196
24-09-2023,45,65,102,95,39,93,84,77,532,5512,57,258
25-09-2023,30,80,77,43,96,114,159,24,531,7845,19,139
26-09-2023,50,12,78,91,66,64,77,60,1283,16182,84,560
27-09-2023,50,88,44,116,39,104,199,23,1104,12693,20,477
28-09-2023,62,86,75,67,20,63,88,25,885,9190,94,234
29-09-2023,50,60,72,51,69,81,193,47,689,8614,30,266
30-09-2023,61,64,35,81,80,79,120,25,709,9906,95,152
01-10-2023,33,10,108,72,97,128,173,47,1017,13765,54,350
02-10-2023,69,17,74,119,65,146,144,61,628,6437,16,128
03-10-2023,36,16,58,119,40,81,100,36,630,6529,90,300
04-10-2023,89,17,63,46,71,145,156,62,738,8866,73,363
05-10-2023,24,55,99,31,50,130,70,56,1194,13702,73,318
06-10-2023,62,10,72,53,91,144,180,47,1347,15035,11,353
07-10-2023,95,75,70,45,38,102,120,26,1161,13241,85,494
08-10-2023,83,76,61,65,69,59,118,75,1414,19820,51,390
09-10-2023,54,68,61,79,83,85,194,44,781,11438,91,365
10-10-2023,34,21,41,34,35,52,153,46,572,6878,63,212
11-10-2023,75,40,75,86,36,75,105,38,1389,20182,84,423
12-10-2023,96,60,54,96,53,76,63,42,1161,13476,25,522
13-10-2023,97,78,61,82,74,89,159,32,1318,16319,27,458
14-10-2023,89,27,45,119,97,88,177,21,1297,14435,68,614
15-10-2023,30,16,45,74,68,55,139,22,977,12898,99,467
16-10-2023,49,55,88,94,99,93,79,47,1397,20808,25,348
17-10-2023,86,24,45,80,77,56,108,37,681,8864,15,136
18-10-2023,28,33,67,76,16,83,139,74,900,10610,66,445
19-10-2023,34,42,64,71,51,101,105,61,607,8036,56,286
20-10-2023,26,57,50,49,97,116,160,48,575,6103,57,124
21-10-2023,23,18,90,26,39,41,67,52,997,14399,51,448
22-10-2023,51,51,61,72,69,42,90,57,1321,16532,85,445
23-10-2023,31,40,62,74,38,41,173,29,699,8560,69,194
24-10-2023,98,73,78,94,57,119,82,66,912,11791,86,422
25-10-2023,49,72,64,90,96,111,181,79,871,11430,13,225
26-10-2023,46,10,84,97,96,116,127,57,530,5490,11,256
27-10-2023,27,42,52,87,71,98,159,76,1355,18174,99,354
28-10-2023,46,18,71,37,99,108,63,57,835,9360,68,320
29-10-2023,98,14,81,30,81,45,75,36,1282,17396,36,342
30-10-2023,89,63,40,117,30,119,52,50,1358,19165,36,493
31-10-2023,68,20,31,94,74,72,127,39,966,13543,88,391
01-11-2023,70,67,103,61,73,84,176,66,1291,16476,81,331
02-11-2023,52,40,58,82,28,110,188,45,852,10735,16,303
03-11-2023,43,52,95,104,99,144,188,34,578,6192,72,196
04-11-2023,42,42,94,92,41,115,140,45,1285,17831,55,284
05-11-2023,97,38,69,97,20,105,177,63,764,8676,72,340
06-11-2023,43,12,88,43,84,122,166,73,754,9412,21,226
07-11-2023,81,65,66,37,47,149,166,59,1104,12609,22,411
08-11-2023,60,62,34,93,16,144,57,64,576,6145,52,204
09-11-2023,50,74,101,41,40,78,128,27,1135,14922,26,401
10-11-2023,22,24,31,73,59,86,137,25,1130,11606,72,262
11-11-2023,39,13,61,91,41,116,173,61,790,10857,90,258
12-11-2023,47,85,72,32,88,141,148,62,945,10950,45,317
13-11-2023,56,42,93,61,45,79,179,51,1330,13300,94,558
14-11-2023,24,32,35,76,22,132,62,52,623,7822,17,281
15-11-2023,35,88,78,25,52,45,73,27,615,6294,78,223
16-11-2023,42,56,52,72,25,61,134,32,606,6896,99,136
17-11-2023,25,71,38,64,25,125,122,28,816,11044,89,221
18-11-2023,81,71,30,90,92,41,104,74,648,6683,45,161
19-11-2023,26,22,52,25,28,126,87,25,1342,19051,37,318
20-11-2023,98,81,83,84,98,109,60,28,1020,10219,56,315
21-11-2023,81,49,64,45,26,60,63,53,981,11020,85,263
22-11-2023,37,44,56,45,83,102,171,20,1029,14101,39,273
23-11-2023,60,35,76,112,61,63,55,68,695,8049,32,150
24-11-2023,65,60,32,87,56,64,138,24,712,7482,25,146
25-11-2023,98,13,43,45,52,47,82,49,999,11789,23,230
26-11-2023,22,53,54,65,77,116,143,43,1265,14360,83,318
27-11-2023,70,38,78,102,46,42,86,31,1354,19245,80,445
28-11-2023,26,50,52,103,71,40,58,29,538,6222,61,189
29-11-2023,20,70,80,101,20,147,141,52,861,12006,46,208
30-11-2023,89,64,91,107,48,76,189,23,1306,18883,38,427
01-12-2023,83,11,36,78,21,94,179,55,1205,14663,76,364
02-12-2023,49,71,82,115,65,93,189,43,683,9937,24,174
03-12-2023,86,58,89,63,81,136,174,28,617,7334,56,124
04-12-2023,97,83,62,107,91,60,194,73,680,10077,55,231
05-12-2023,70,74,49,95,80,116,94,69,1157,12086,61,469
06-12-2023,24,37,66,43,77,97,117,59,914,12279,28,244
07-12-2023,62,57,31,102,80,92,60,21,1081,13479,86,258
08-12-2023,42,25,64,101,27,143,101,61,819,9777,30,381
09-12-2023,75,23,83,37,86,121,86,75,1234,16243,73,348
10-12-2023,46,60,78,90,30,94,169,34,616,8327,46,164
11-12-2023,23,88,33,107,17,79,160,25,1048,10502,36,479
12-12-2023,88,71,98,110,33,86,52,58,1432,15515,64,637
13-12-2023,95,33,46,80,41,145,100,55,1350,18313,38,451
14-12-2023,98,38,103,70,55,43,151,26,1244,16584,29,431
15-12-2023,52,77,80,108,78,71,199,72,1059,15705,34,280
16-12-2023,90,39,107,82,53,56,101,56,1282,17698,79,286
17-12-2023,39,80,48,79,86,143,55,26,922,13603,72,343
18-12-2023,54,69,92,67,43,125,156,57,1243,16796,45,285
19-12-2023,67,59,86,58,76,44,197,25,1008,11582,11,337
20-12-2023,92,48,42,39,35,102,96,32,656,6905,31,316
21-12-2023,36,60,38,61,27,133,157,58,933,12977,25,453
22-12-2023,26,25,34,76,25,45,138,72,1069,14132,27,290
23-12-2023,67,23,71,98,80,106,196,55,799,8182,78,309
24-12-2023,96,66,46,35,28,53,71,76,1343,15847,63,459
25-12-2023,59,87,32,94,54,131,188,53,794,11738,39,367
26-12-2023,53,58,105,30,73,100,94,75,1273,15915,54,358
27-12-2023,30,40,75,57,20,44,152,29,765,9305,28,153
28-12-2023,97,77,83,52,35,137,54,36,592,7274,96,147
29-12-2023,35,85,49,72,26,135,175,56,1406,15528,43,428
30-12-2023,38,53,51,68,84,103,80,69,1040,12317,22,306
31-12-2023,28,56,71,32,46,85,165,36,1046,12394,52,457
01-01-2024,48,54,108,53,41,69,156,43,1394,14304,71,563
02-01-2024,92,61,69,48,27,55,61,36,904,12509,31,262
03-01-2024,21,74,84,104,42,108,83,48,821,9919,61,276
04-01-2024,59,39,36,40,44,147,96,33,1134,16001,61,259
05-01-2024,75,34,98,26,47,44,140,28,1255,17885,45,589
06-01-2024,26,25,94,43,91,68,148,70,700,7741,82,336
07-01-2024,76,63,109,85,21,40,64,69,1174,15598,28,579
08-01-2024,55,20,89,99,79,104,131,51,601,7429,47,276
09-01-2024,42,61,103,38,39,86,91,31,1269,18274,79,320
10-01-2024,47,52,94,62,73,110,56,52,671,7433,88,143
11-01-2024,99,76,43,97,58,48,139,21,1279,17124,66,478
12-01-2024,55,26,63,112,48,91,189,52,1264,16480,29,598
13-01-2024,28,67,76,55,23,78,114,58,1425,16354,18,360
14-01-2024,86,25,45,69,90,90,61,50,659,7040,41,133
15-01-2024,79,27,104,97,99,92,53,50,753,9983,13,332
16-01-2024,74,66,51,93,59,79,169,28,1070,14651,59,238
17-01-2024,29,81,55,61,27,42,196,21,1066,12342,91,345
18-01-2024,55,73,37,51,16,61,84,28,1097,14506,14,442
19-01-2024,92,85,37,40,79,143,114,68,782,9364,29,211
20-01-2024,20,71,36,74,16,115,189,28,826,11205,96,186
21-01-2024,84,25,90,38,31,45,178,65,905,9951,84,390
22-01-2024,92,68,69,76,77,137,167,65,747,10794,46,290
23-01-2024,46,41,31,113,54,46,104,64,1304,14913,31,647
24-01-2024,50,82,58,29,96,77,102,39,825,9767,67,250
25-01-2024,86,67,54,40,76,90,193,30,782,8047,77,170
26-01-2024,62,46,66,85,62,149,169,32,1041,10990,53,437
27-01-2024,52,28,45,85,75,81,126,35,551,6931,43,196
28-01-2024,25,79,97,44,38,111,194,78,1214,13764,86,320
29-01-2024,45,33,55,90,89,61,173,48,990,14035,51,430
30-01-2024,62,62,30,37,44,139,198,23,577,5812,18,150
31-01-2024,71,14,57,110,15,99,142,48,657,7815,16,182
01-02-2024,43,13,54,108,28,51,138,64,1159,13544,77,263
02-02-2024,39,50,62,59,67,145,97,45,1276,12883,28,408
03-02-2024,71,74,99,92,47,101,174,28,1354,14381,40,440
04-02-2024,71,23,53,58,64,57,179,66,625,7542,44,221
05-02-2024,61,52,98,108,68,66,120,26,1388,17300,66,572
06-02-2024,73,48,90,34,86,72,166,20,696,8366,94,328
07-02-2024,96,66,76,89,75,126,167,48,678,8579,70,163
08-02-2024,83,41,55,54,15,128,68,52,1404,18217,40,303
09-02-2024,48,89,82,84,62,88,65,37,593,5959,92,121
10-02-2024,48,38,59,100,18,90,150,20,907,11174,62,220
11-02-2024,60,52,64,27,86,95,121,36,592,8771,41,235
12-02-2024,73,10,49,39,26,133,145,35,586,7380,75,245
13-02-2024,66,84,62,66,25,105,150,42,569,7617,68,248
14-02-2024,35,59,99,48,22,128,61,66,1229,14206,19,335
15-02-2024,87,35,95,51,58,46,129,58,706,9792,11,205
16-02-2024,73,86,50,71,89,123,65,29,931,12907,75,321
17-02-2024,63,53,81,25,84,138,112,61,1141,14383,69,249
18-02-2024,83,82,44,81,85,126,193,37,1152,17141,97,441
19-02-2024,73,85,77,38,35,59,50,42,1183,12572,26,585
20-02-2024,30,61,61,53,45,100,70,75,1428,14401,25,440
21-02-2024,20,78,64,109,70,107,137,43,896,12410,25,381
22-02-2024,66,14,109,84,88,129,128,23,581,8154,55,203
23-02-2024,91,39,77,81,28,143,192,45,1380,14629,48,328
24-02-2024,93,24,40,115,75,108,193,54,842,9538,40,315
25-02-2024,25,46,105,46,65,41,97,68,1201,12115,97,348
26-02-2024,72,71,48,99,33,54,162,35,1287,14757,10,270
27-02-2024,34,70,81,43,31,122,168,78,724,10038,20,282
28-02-2024,58,29,41,43,17,58,96,47,1166,14679,94,533
29-02-2024,71,35,55,31,83,92,56,28,824,9674,13,250
01-03-2024,66,43,78,85,90,119,141,65,1306,15487,80,414
02-03-2024,88,12,85,100,97,141,120,24,1378,13789,35,643
03-03-2024,86,74,69,74,50,147,145,50,1012,11636,59,449
04-03-2024,59,88,109,97,57,70,84,24,1242,16434,21,514
05-03-2024,96,53,35,105,68,104,152,46,959,14261,90,263
06-03-2024,79,41,88,96,45,84,73,24,1034,14719,84,489
07-03-2024,78,74,32,25,86,131,196,74,1260,12748,74,310
08-03-2024,80,71,46,101,67,101,134,46,1193,17289,56,462
09-03-2024,69,62,39,31,18,123,173,63,1117,15544,62,233
10-03-2024,48,15,41,91,40,131,124,28,1135,15778,80,446
11-03-2024,43,76,76,43,59,78,58,37,689,8467,11,195
12-03-2024,70,78,97,74,20,135,186,72,1382,16570,33,462
13-03-2024,51,86,47,25,21,146,107,58,923,10627,13,280
14-03-2024,72,53,63,76,22,110,148,49,1265,13065,28,318
15-03-2024,89,73,61,111,52,65,180,61,1379,15363,35,533
16-03-2024,41,85,76,51,85,139,71,37,1254,14086,84,582
17-03-2024,35,34,54,92,63,53,107,23,853,10594,49,416
18-03-2024,93,79,62,87,44,119,181,59,932,12803,59,240
19-03-2024,61,23,43,49,46,92,86,42,1356,16772,52,563
20-03-2024,47,31,87,87,37,40,108,33,591,6080,84,235
21-03-2024,91,51,63,93,44,66,128,53,711,10514,76,215
22-03-2024,62,19,77,76,39,140,137,47,1341,19730,21,275
23-03-2024,37,14,33,108,99,115,140,43,859,11962,76,349
24-03-2024,86,13,53,106,59,115,69,43,574,8585,36,277
25-03-2024,32,84,87,32,41,75,176,30,1075,13676,63,418
26-03-2024,50,30,80,63,42,42,194,21,1239,18354,75,409
27-03-2024,97,76,65,71,77,116,130,55,677,7025,58,242
28-03-2024,48,21,85,36,81,120,187,77,751,8883,25,195
29-03-2024,34,23,72,55,84,48,160,49,1371,15254,11,582
30-03-2024,49,18,47,36,93,92,77,40,1309,14371,69,554
31-03-2024,32,59,109,65,58,51,65,75,792,8477,63,192
01-04-2024,63,56,109,50,38,79,126,69,875,11473,39,405
02-04-2024,31,27,63,75,24,133,62,52,663,9220,93,186
03-04-2024,25,14,105,117,67,149,118,79,621,8005,47,307
04-04-2024,26,21,74,36,15,128,151,35,1189,12763,37,374
05-04-2024,49,42,80,77,91,83,118,51,1230,17288,34,311
06-04-2024,51,35,74,76,42,128,165,37,1324,17450,19,404
07-04-2024,20,63,103,49,43,63,157,61,973,11618,69,323
08-04-2024,68,14,69,69,44,85,150,78,636,8503,51,140
09-04-2024,63,12,78,77,38,100,131,21,879,9932,49,328
10-04-2024,31,61,65,41,27,45,164,55,857,10049,86,325
11-04-2024,76,72,51,119,28,103,162,21,1330,19401,51,560
12-04-2024,58,53,55,45,95,127,150,23,1116,12781,56,232
13-04-2024,89,86,84,42,95,45,126,78,1319,16289,46,477
14-04-2024,82,71,102,64,72,92,196,77,717,10361,89,154
15-04-2024,58,61,54,53,33,85,66,54,1036,14025,31,425
16-04-2024,43,36,38,87,55,107,71,71,1308,13486,66,283
17-04-2024,23,83,48,25,56,116,61,57,813,8728,93,384
18-04-2024,87,72,103,60,87,138,123,57,1061,10651,36,435
19-04-2024,59,49,109,46,77,146,154,40,1419,18666,50,499
20-04-2024,23,69,39,116,49,83,77,29,1077,13180,89,358
21-04-2024,92,26,89,47,52,133,172,50,936,9988,43,223
22-04-2024,44,34,99,34,62,75,54,62,1053,15573,41,302
23-04-2024,55,13,102,32,51,107,71,31,772,9764,99,355
24-04-2024,61,10,86,116,87,62,93,76,725,8126,98,341
25-04-2024,81,38,30,37,88,89,139,58,1022,12778,75,204
26-04-2024,57,87,96,47,72,86,197,25,1073,14376,21,405
27-04-2024,77,52,65,118,16,56,184,42,645,6695,49,268
28-04-2024,23,51,81,43,95,120,154,77,1286,14626,82,495
29-04-2024,34,68,53,75,57,89,113,63,869,12196,85,195
30-04-2024,94,62,108,48,90,54,55,69,590,7256,99,156
01-05-2024,55,33,72,46,62,138,179,76,1214,15457,82,333
02-05-2024,91,84,64,82,80,128,149,78,791,9621,19,355
03-05-2024,76,26,92,116,88,118,64,73,635,6489,57,215
04-05-2024,84,39,88,35,70,66,168,47,1190,12886,29,411
05-05-2024,24,17,90,40,86,69,173,22,616,7532,48,295
06-05-2024,32,68,47,51,96,103,141,48,600,6627,69,234
07-05-2024,88,56,36,96,32,71,86,44,614,6293,75,288
08-05-2024,37,76,108,82,25,112,122,59,1378,19592,74,464
09-05-2024,52,48,98,59,20,140,180,33,707,10538,60,173
10-05-2024,85,23,58,113,36,122,166,57,1074,14999,45,514
11-05-2024,42,11,107,112,45,41,178,64,805,11486,33,271
12-05-2024,22,46,47,94,51,105,152,52,684,7667,36,174
13-05-2024,49,41,71,100,28,101,199,37,749,11087,11,217
14-05-2024,82,42,96,115,54,77,87,42,1012,11116,40,217
15-05-2024,92,86,47,72,64,128,179,24,1055,15568,66,359
16-05-2024,93,73,70,81,25,78,94,77,679,10167,87,309
17-05-2024,92,40,36,117,65,98,122,42,1444,19578,75,693
18-05-2024,49,80,104,109,40,68,144,41,1102,16426,38,528
19-05-2024,69,28,92,40,33,124,151,37,853,10959,24,202
20-05-2024,89,69,109,76,70,116,110,55,1192,13466,21,375
21-05-2024,57,43,83,96,39,66,116,24,623,7591,37,129
22-05-2024,51,72,54,80,50,56,93,55,1396,18103,93,637
23-05-2024,45,55,33,75,46,99,115,50,596,6177,33,183
24-05-2024,39,44,70,106,35,103,104,59,910,11931,30,354
25-05-2024,54,61,63,90,45,46,59,35,1149,17126,19,476
26-05-2024,95,75,105,78,23,58,164,29,1403,15363,87,461
27-05-2024,22,30,38,43,57,41,191,65,1077,15038,27,314
28-05-2024,91,68,44,90,64,122,134,57,1396,20297,97,682
29-05-2024,89,54,92,116,31,113,144,39,593,8728,23,290
30-05-2024,86,69,55,50,31,143,105,63,899,13305,43,257
31-05-2024,69,81,51,65,79,55,136,75,1174,14800,67,403
01-06-2024,92,19,74,61,16,40,119,21,798,11879,85,392
02-06-2024,49,26,103,96,94,134,166,41,921,12697,31,185
03-06-2024,87,71,53,76,66,121,109,48,1358,14677,79,439
04-06-2024,79,53,100,27,41,60,111,23,1244,15406,45,286
05-06-2024,33,29,79,106,83,97,90,42,664,9024,54,234
06-06-2024,85,34,80,29,47,130,140,44,1310,14720,45,271
07-06-2024,94,33,105,27,56,55,86,28,1068,14100,31,343
08-06-2024,67,75,81,95,72,90,108,46,958,12773,87,255
09-06-2024,40,73,45,69,47,57,139,44,1294,13992,89,465
10-06-2024,96,14,86,63,96,141,115,23,784,10055,70,391
11-06-2024,58,64,54,43,31,94,118,48,1122,15548,65,493
12-06-2024,82,11,99,119,88,146,134,24,1051,13131,98,476
13-06-2024,58,74,100,109,88,119,182,76,674,6780,42,263
14-06-2024,64,62,76,34,54,88,56,52,853,8568,54,181
15-06-2024,27,88,30,56,26,100,120,40,1241,14625,45,325
16-06-2024,79,22,78,59,75,142,63,68,1157,16928,29,552
17-06-2024,88,32,60,25,35,139,75,25,1075,11979,27,333
18-06-2024,43,32,35,67,98,133,129,29,1463,19270,47,338
19-06-2024,41,78,89,93,59,78,199,26,1125,12499,76,462
20-06-2024,81,51,51,87,92,62,84,56,634,7359,32,183
21-06-2024,71,77,49,36,43,131,153,32,875,12460,25,245
22-06-2024,39,63,91,108,59,79,126,50,1366,18638,68,682
23-06-2024,57,12,30,27,27,117,124,62,604,6328,78,276
24-06-2024,34,13,101,114,74,82,57,39,1299,15774,77,418
25-06-2024,20,29,106,112,49,145,165,77,989,10034,30,488
26-06-2024,76,17,81,80,15,117,104,28,1383,17155,87,546
27-06-2024,20,43,44,104,72,145,147,43,675,8985,87,285
28-06-2024,23,82,103,44,18,123,72,65,839,8887,79,175
29-06-2024,69,14,67,33,34,135,197,25,980,11215,21,231
30-06-2024,49,40,78,108,73,146,197,48,1372,16449,25,534
01-07-2024,36,56,41,58,54,53,67,72,925,13502,90,434
02-07-2024,26,53,93,26,41,57,137,41,1219,18243,96,471
03-07-2024,46,45,68,37,56,56,138,65,1110,11349,23,266
04-07-2024,60,78,96,108,62,54,199,38,728,10050,70,170
05-07-2024,42,84,65,114,76,118,142,37,1474,17479,80,668
06-07-2024,67,32,68,63,89,73,75,79,1279,15299,55,309
07-07-2024,49,64,58,40,97,56,186,38,1432,19720,41,509
08-07-2024,81,42,104,77,66,126,118,63,1090,15905,24,230
09-07-2024,84,68,59,60,54,80,177,20,1419,20936,53,318
10-07-2024,45,39,55,39,60,147,101,33,1319,16996,26,529
11-07-2024,66,46,61,65,32,90,54,45,1070,12610,50,435
12-07-2024,80,83,57,102,46,54,145,62,1187,16544,63,358
13-07-2024,92,46,108,90,43,98,102,57,816,9184,53,215
14-07-2024,28,43,70,89,84,60,146,68,966,12384,14,429
15-07-2024,39,71,84,74,65,123,129,43,996,11745,36,264
16-07-2024,93,34,82,119,59,134,142,59,1037,13774,96,376
17-07-2024,61,31,81,93,47,109,98,66,1084,12142,87,531
18-07-2024,47,63,43,53,43,58,75,40,1210,13259,88,295
19-07-2024,75,80,62,82,28,58,161,51,868,12665,52,418
20-07-2024,37,62,61,100,43,101,167,67,1121,11780,40,285
21-07-2024,92,60,67,111,66,112,161,50,754,9447,26,279
22-07-2024,45,83,62,111,34,66,145,23,748,8305,92,234
23-07-2024,52,12,105,103,74,51,101,63,1216,12396,63,595
24-07-2024,80,45,37,38,29,113,87,47,784,7981,71,221
25-07-2024,83,83,39,30,24,138,198,25,1410,15335,96,451
26-07-2024,72,31,51,93,29,122,116,32,695,9962,41,343
27-07-2024,88,13,85,84,72,124,55,62,728,8308,49,262
28-07-2024,89,50,46,28,45,71,108,41,1402,20682,22,491
29-07-2024,87,14,92,67,16,116,148,47,769,9926,93,213
30-07-2024,44,32,51,95,84,95,75,46,781,9514,44,320
31-07-2024,96,52,68,90,49,53,107,52,962,12410,14,196
01-08-2024,47,75,108,71,41,121,188,78,638,8028,82,137
