Date,DataAnalytics,AITools,MachineLearning,ECommerce,CloudComputing,DigitalMarketing,RemoteWork,FinTechTrends
01-08-2019,86,80,107,83,28,144,89,68
02-08-2019,37,65,95,67,42,66,183,21
03-08-2019,77,77,84,86,23,129,186,47
04-08-2019,67,14,69,114,43,135,102,48
05-08-2019,93,54,58,108,49,127,67,76
06-08-2019,52,21,85,44,32,149,187,70
07-08-2019,66,26,37,119,25,56,53,24
08-08-2019,45,58,109,43,76,102,76,38
09-08-2019,98,47,57,78,63,88,91,78
10-08-2019,56,62,57,116,63,90,88,35
11-08-2019,88,36,32,27,66,103,163,70
12-08-2019,69,59,57,108,21,107,138,46
13-08-2019,75,85,70,102,45,130,63,37
14-08-2019,87,25,55,72,67,48,133,69
15-08-2019,22,60,55,106,28,95,199,31
16-08-2019,59,47,50,35,40,47,52,71
17-08-2019,86,20,86,103,37,62,139,57
18-08-2019,67,23,82,104,36,87,171,23
19-08-2019,81,34,74,113,98,78,189,60
20-08-2019,68,13,45,88,40,82,157,71
21-08-2019,27,46,101,119,72,110,183,73
22-08-2019,72,51,87,77,17,84,148,26
23-08-2019,47,27,34,27,76,99,65,45
24-08-2019,54,20,83,85,93,52,97,64
25-08-2019,96,41,68,67,24,43,129,55
26-08-2019,60,64,82,31,49,109,64,29
27-08-2019,23,83,32,71,27,45,173,30
28-08-2019,89,26,78,34,67,133,162,75
29-08-2019,84,23,73,53,22,129,144,28
30-08-2019,95,79,70,25,19,139,176,74
31-08-2019,54,77,59,55,86,50,62,61
01-09-2019,78,64,103,51,36,131,89,20
02-09-2019,30,74,98,82,48,55,90,45
03-09-2019,42,52,38,119,19,61,65,56
04-09-2019,97,55,66,84,39,98,114,33
05-09-2019,38,38,90,42,91,94,149,67
06-09-2019,35,62,65,39,62,148,127,66
07-09-2019,47,58,54,88,69,72,92,62
08-09-2019,50,70,74,56,24,139,191,78
09-09-2019,72,73,56,41,20,133,76,67
10-09-2019,90,68,38,75,97,99,195,77
11-09-2019,46,53,57,42,46,51,194,77
12-09-2019,26,18,67,72,82,48,101,27
13-09-2019,34,51,35,74,43,91,50,59
14-09-2019,95,35,74,101,44,84,131,57
15-09-2019,74,89,76,117,41,128,181,77
16-09-2019,91,40,77,81,45,44,139,45
17-09-2019,21,62,55,89,72,53,65,63
18-09-2019,63,62,75,103,25,110,84,40
19-09-2019,78,31,37,70,49,50,156,70
20-09-2019,75,72,35,82,59,89,87,73
21-09-2019,45,83,48,94,49,94,73,29
22-09-2019,70,78,82,30,53,133,71,39
23-09-2019,76,58,43,102,88,115,93,50
24-09-2019,69,19,42,26,88,95,149,59
25-09-2019,32,86,86,94,61,78,113,77
26-09-2019,38,66,98,49,76,64,185,29
27-09-2019,21,63,71,38,66,123,144,76
28-09-2019,71,79,99,68,84,67,133,26
29-09-2019,64,53,57,67,40,100,176,44
30-09-2019,68,58,52,73,46,144,151,48
01-10-2019,76,29,52,109,91,40,196,73
02-10-2019,69,11,80,42,61,120,56,34
03-10-2019,23,33,62,63,35,65,128,76
04-10-2019,87,19,68,58,59,104,140,46
05-10-2019,31,41,89,101,74,134,119,21
06-10-2019,41,85,43,102,53,132,73,63
07-10-2019,23,75,77,82,74,147,114,44
08-10-2019,31,14,69,110,17,91,134,21
09-10-2019,23,87,93,93,74,64,171,40
10-10-2019,26,84,82,115,76,66,118,34
11-10-2019,29,69,73,48,43,66,50,69
12-10-2019,34,22,74,78,53,42,61,67
13-10-2019,90,68,45,101,15,45,109,52
14-10-2019,32,55,92,79,39,108,85,24
15-10-2019,74,34,35,61,89,49,170,62
16-10-2019,47,65,98,81,34,73,66,24
17-10-2019,58,87,54,88,86,141,195,62
18-10-2019,37,29,90,61,16,77,82,34
19-10-2019,81,46,73,109,28,54,108,28
20-10-2019,94,40,85,62,82,55,100,62
21-10-2019,85,15,102,69,71,90,51,63
22-10-2019,67,85,37,104,84,75,180,25
23-10-2019,36,24,67,25,99,65,108,51
24-10-2019,25,84,86,60,90,58,152,72
25-10-2019,66,80,93,52,40,50,89,23
26-10-2019,35,47,69,33,62,115,55,41
27-10-2019,79,12,64,104,24,74,117,36
28-10-2019,60,56,105,60,43,66,50,44
29-10-2019,45,27,66,76,60,85,177,51
30-10-2019,65,21,53,38,45,123,92,60
31-10-2019,69,58,50,110,31,147,70,65
01-11-2019,20,13,100,104,21,88,116,66
02-11-2019,55,27,101,33,43,116,78,52
03-11-2019,49,30,31,37,39,64,159,54
04-11-2019,21,88,96,57,40,56,62,71
05-11-2019,88,23,40,88,25,87,62,28
06-11-2019,50,62,88,49,17,62,175,30
07-11-2019,27,76,66,94,32,130,109,41
08-11-2019,80,32,80,90,85,107,178,36
09-11-2019,85,24,46,61,41,88,141,68
10-11-2019,96,46,74,95,50,44,138,26
11-11-2019,87,79,78,81,95,143,167,79
12-11-2019,64,48,58,46,21,100,178,74
13-11-2019,71,70,41,93,54,127,86,66
14-11-2019,27,17,39,85,48,137,117,66
15-11-2019,90,84,53,117,36,57,85,41
16-11-2019,33,26,100,89,77,114,102,64
17-11-2019,48,37,48,29,89,67,103,62
18-11-2019,83,72,67,107,55,44,132,77
19-11-2019,56,26,94,91,28,130,79,37
20-11-2019,60,78,51,96,62,89,61,68
21-11-2019,83,83,66,31,25,49,102,38
22-11-2019,78,27,79,47,32,121,94,43
23-11-2019,97,68,82,48,95,76,164,47
24-11-2019,28,61,65,86,90,134,68,69
25-11-2019,98,30,109,89,82,122,80,70
26-11-2019,26,85,37,76,42,49,178,29
27-11-2019,85,75,40,70,90,84,103,74
28-11-2019,90,62,51,57,22,100,96,32
29-11-2019,60,48,89,118,64,141,199,71
30-11-2019,94,33,47,104,59,112,125,59
01-12-2019,96,18,44,29,84,81,89,21
02-12-2019,96,63,47,49,32,107,192,22
03-12-2019,45,34,81,73,72,112,78,49
04-12-2019,27,82,96,68,40,139,160,55
05-12-2019,33,33,108,50,93,81,172,46
06-12-2019,64,24,44,62,19,131,59,62
07-12-2019,21,32,77,72,51,74,130,36
08-12-2019,61,27,47,76,47,138,164,76
09-12-2019,98,18,57,88,46,125,172,61
10-12-2019,76,20,65,69,16,66,184,29
11-12-2019,83,56,89,79,95,90,191,69
12-12-2019,23,21,49,72,45,60,86,54
13-12-2019,37,38,71,36,67,89,66,41
14-12-2019,89,63,48,119,98,135,177,21
15-12-2019,70,48,38,41,47,96,146,38
16-12-2019,22,19,36,106,72,91,135,75
17-12-2019,38,15,57,115,58,117,73,24
18-12-2019,66,58,79,94,73,132,154,29
19-12-2019,65,20,105,116,63,130,133,21
20-12-2019,77,46,47,119,23,143,170,56
21-12-2019,55,32,82,46,35,120,110,60
22-12-2019,38,78,109,83,59,107,159,29
23-12-2019,66,24,60,52,67,143,86,43
24-12-2019,74,73,68,33,80,139,162,75
25-12-2019,93,67,37,96,97,66,147,71
26-12-2019,82,54,42,100,57,90,163,25
27-12-2019,87,25,78,119,94,67,105,50
28-12-2019,31,63,99,78,51,147,112,40
29-12-2019,46,89,75,31,17,127,67,76
30-12-2019,95,44,76,32,36,98,172,58
31-12-2019,30,23,50,111,33,65,174,20
01-01-2020,23,63,99,109,71,73,134,41
02-01-2020,65,53,70,78,40,101,169,31
03-01-2020,78,81,72,51,46,80,162,24
04-01-2020,79,52,55,37,30,119,94,53
05-01-2020,43,32,34,76,33,123,94,48
06-01-2020,45,81,68,65,67,85,180,29
07-01-2020,47,10,62,27,49,112,118,76
08-01-2020,77,77,69,44,55,75,75,62
09-01-2020,23,61,49,35,49,147,199,29
10-01-2020,98,56,64,81,21,93,94,69
11-01-2020,79,86,74,68,35,109,64,23
12-01-2020,68,27,58,90,20,134,141,26
13-01-2020,76,78,75,31,33,82,89,48
14-01-2020,24,53,90,119,89,138,172,36
15-01-2020,89,57,97,116,98,81,112,33
16-01-2020,76,27,81,83,89,80,115,38
17-01-2020,80,30,76,51,95,141,93,49
18-01-2020,29,74,76,105,75,107,103,22
19-01-2020,86,30,35,115,69,109,189,52
20-01-2020,53,36,83,102,25,93,95,27
21-01-2020,89,41,77,37,89,114,171,68
22-01-2020,29,29,95,58,72,55,127,48
23-01-2020,99,55,105,114,40,141,67,52
24-01-2020,48,74,106,87,42,57,69,68
25-01-2020,86,29,84,50,15,89,170,63
26-01-2020,30,39,54,49,91,43,168,36
27-01-2020,23,77,66,25,39,119,131,44
28-01-2020,68,27,34,44,78,40,71,25
29-01-2020,23,80,35,39,31,102,71,52
30-01-2020,43,25,78,45,77,43,184,39
31-01-2020,75,42,56,116,77,144,61,32
01-02-2020,54,45,80,37,87,80,184,41
02-02-2020,57,27,75,108,74,52,163,78
03-02-2020,69,36,69,108,99,102,168,58
04-02-2020,45,20,48,28,43,94,57,56
05-02-2020,37,46,69,84,93,66,130,78
06-02-2020,78,52,96,118,99,67,90,30
07-02-2020,86,79,32,119,81,89,177,44
08-02-2020,65,31,43,65,98,108,147,22
09-02-2020,30,42,92,28,56,141,175,27
10-02-2020,28,20,35,87,58,52,194,79
11-02-2020,45,41,87,73,65,44,112,29
12-02-2020,87,83,103,43,15,80,63,65
13-02-2020,85,15,70,37,89,146,50,53
14-02-2020,27,36,48,104,70,65,109,21
15-02-2020,90,22,88,44,55,50,106,64
16-02-2020,59,78,70,96,84,66,152,60
17-02-2020,58,52,86,35,93,102,91,40
18-02-2020,25,11,76,45,70,82,133,34
19-02-2020,29,60,30,52,27,85,198,20
20-02-2020,60,75,97,104,34,71,77,61
21-02-2020,88,84,84,63,58,81,115,23
22-02-2020,41,63,74,91,92,109,148,59
23-02-2020,70,55,33,119,74,113,105,67
24-02-2020,56,89,103,54,31,81,67,22
25-02-2020,64,80,92,32,15,88,109,56
26-02-2020,81,20,68,56,21,83,104,32
27-02-2020,34,69,54,100,75,53,170,32
28-02-2020,98,45,92,99,63,92,85,56
29-02-2020,43,17,40,87,98,44,92,78
01-03-2020,82,36,86,83,22,125,113,30
02-03-2020,48,53,39,58,79,142,67,33
03-03-2020,44,36,60,44,24,125,173,35
04-03-2020,35,55,82,60,22,81,134,20
05-03-2020,69,80,32,59,81,50,195,25
06-03-2020,24,56,82,30,25,85,92,29
07-03-2020,41,12,101,28,67,71,129,61
08-03-2020,52,55,69,68,91,72,101,64
09-03-2020,59,15,65,108,78,148,186,22
10-03-2020,21,68,101,70,45,130,77,43
11-03-2020,55,27,35,55,40,105,156,47
12-03-2020,78,74,33,26,58,94,178,78
13-03-2020,58,12,70,94,95,117,54,51
14-03-2020,21,76,51,63,86,121,109,33
15-03-2020,72,30,90,51,58,59,128,61
16-03-2020,37,11,67,55,49,62,155,64
17-03-2020,65,82,101,62,83,92,61,28
18-03-2020,42,20,30,73,68,98,165,32
19-03-2020,73,49,97,50,46,149,101,71
20-03-2020,94,20,62,31,36,78,166,45
21-03-2020,20,23,103,98,42,97,176,68
22-03-2020,55,10,89,36,27,91,78,33
23-03-2020,91,50,93,97,77,108,149,76
24-03-2020,59,30,99,107,69,134,96,58
25-03-2020,98,28,106,42,57,128,64,32
26-03-2020,49,65,72,104,67,84,174,48
27-03-2020,39,53,54,93,75,138,178,29
28-03-2020,57,81,95,99,82,93,128,73
29-03-2020,21,14,49,70,71,72,94,38
30-03-2020,25,66,98,66,91,81,110,24
31-03-2020,55,73,86,66,83,143,79,26
01-04-2020,97,54,61,69,20,110,100,40
02-04-2020,45,84,41,69,42,108,108,51
03-04-2020,90,10,79,92,87,108,130,63
04-04-2020,78,10,79,82,64,140,158,71
05-04-2020,49,28,66,41,20,70,149,53
06-04-2020,41,71,75,109,88,80,171,78
07-04-2020,36,85,77,51,66,108,177,33
08-04-2020,50,35,103,91,50,107,190,23
09-04-2020,75,22,56,60,40,80,156,52
10-04-2020,50,67,84,64,81,132,139,22
11-04-2020,32,10,52,43,15,79,76,49
12-04-2020,36,57,64,117,68,144,160,40
13-04-2020,58,85,60,113,35,130,173,39
14-04-2020,27,59,78,85,92,114,78,28
15-04-2020,57,26,90,105,41,64,122,71
16-04-2020,34,46,69,56,26,105,110,46
17-04-2020,20,35,53,117,55,128,193,46
18-04-2020,22,85,58,47,88,126,141,31
19-04-2020,57,49,45,101,70,104,99,43
20-04-2020,67,22,106,110,51,81,151,53
21-04-2020,82,56,55,47,62,106,66,68
22-04-2020,81,50,83,57,26,84,139,53
23-04-2020,34,58,31,33,52,70,96,54
24-04-2020,81,38,101,50,48,127,100,39
25-04-2020,57,72,33,43,17,117,82,66
26-04-2020,39,41,102,52,31,97,173,40
27-04-2020,78,42,32,41,79,79,79,76
28-04-2020,26,15,60,104,60,122,137,69
29-04-2020,91,88,103,96,76,91,139,31
30-04-2020,97,13,78,92,43,104,53,71
01-05-2020,98,60,96,63,46,66,195,30
02-05-2020,90,24,83,74,29,140,156,65
03-05-2020,71,56,99,31,47,67,172,63
04-05-2020,23,27,52,102,61,75,97,42
05-05-2020,20,48,84,101,67,117,119,53
06-05-2020,97,83,99,118,93,139,159,35
07-05-2020,57,12,74,112,88,65,106,72
08-05-2020,72,34,105,40,54,76,124,31
09-05-2020,22,62,65,51,85,53,97,27
10-05-2020,34,57,42,119,59,94,183,41
11-05-2020,22,24,42,32,81,73,94,20
12-05-2020,52,13,55,97,82,97,121,67
13-05-2020,75,36,95,105,70,43,52,62
14-05-2020,52,20,74,96,20,139,53,56
15-05-2020,50,34,51,84,81,108,62,35
16-05-2020,23,67,38,107,99,68,75,70
17-05-2020,99,39,103,52,93,53,181,36
18-05-2020,98,44,91,96,54,50,70,26
19-05-2020,41,22,47,108,32,92,171,32
20-05-2020,50,53,90,80,36,55,67,42
21-05-2020,79,34,104,110,75,131,50,39
22-05-2020,51,15,90,104,70,112,83,23
23-05-2020,90,83,79,77,86,105,96,55
24-05-2020,27,60,97,68,77,43,193,49
25-05-2020,97,29,66,118,53,62,163,56
26-05-2020,81,25,73,80,23,40,183,65
27-05-2020,47,65,32,34,84,144,153,39
28-05-2020,85,80,56,107,61,96,132,49
29-05-2020,36,76,52,114,72,99,150,70
30-05-2020,21,49,95,75,94,107,109,55
31-05-2020,27,63,72,35,71,44,145,79
01-06-2020,57,41,96,115,45,137,168,67
02-06-2020,39,49,86,73,68,130,135,22
03-06-2020,83,13,106,102,53,50,67,60
04-06-2020,40,24,37,106,79,145,51,54
05-06-2020,50,54,80,92,75,43,181,23
06-06-2020,89,78,101,86,50,44,90,63
07-06-2020,34,13,65,106,20,106,99,44
08-06-2020,76,56,92,41,29,72,161,49
09-06-2020,20,40,58,57,35,72,135,58
10-06-2020,48,60,88,95,84,105,113,21
11-06-2020,85,32,51,54,16,66,76,64
12-06-2020,41,38,98,107,37,122,69,68
13-06-2020,80,72,64,113,54,129,169,30
14-06-2020,48,52,30,69,44,51,119,69
15-06-2020,28,59,78,32,40,60,102,55
16-06-2020,60,33,50,84,74,54,150,20
17-06-2020,40,19,40,111,57,131,125,76
18-06-2020,74,39,95,77,51,87,60,60
19-06-2020,59,48,95,104,33,62,79,33
20-06-2020,45,69,93,95,15,135,166,54
21-06-2020,67,66,40,67,19,62,185,29
22-06-2020,96,10,38,111,67,60,57,64
23-06-2020,22,83,31,38,42,98,142,35
24-06-2020,52,38,33,63,77,83,89,34
25-06-2020,61,40,108,104,53,83,186,76
26-06-2020,96,84,101,103,34,93,126,22
27-06-2020,62,52,79,54,27,46,115,79
28-06-2020,89,59,73,69,40,108,199,39
29-06-2020,23,31,60,70,29,143,125,59
30-06-2020,83,34,62,27,61,72,141,22
01-07-2020,89,34,39,82,32,57,69,24
02-07-2020,70,73,106,46,99,57,79,42
03-07-2020,86,34,92,85,41,125,197,40
04-07-2020,37,59,93,112,45,49,105,40
05-07-2020,39,44,43,86,80,99,117,32
06-07-2020,49,56,46,71,62,89,58,47
07-07-2020,93,53,83,117,97,116,177,79
08-07-2020,71,63,62,62,67,133,133,47
09-07-2020,42,82,41,55,69,93,120,39
10-07-2020,66,20,93,116,61,61,117,24
11-07-2020,22,21,63,79,75,74,158,71
12-07-2020,69,33,102,104,32,87,189,40
13-07-2020,28,36,87,26,30,144,156,78
14-07-2020,38,31,95,100,92,134,52,78
15-07-2020,55,15,86,113,64,85,114,42
16-07-2020,59,78,36,116,74,108,100,64
17-07-2020,46,70,81,118,98,71,199,63
18-07-2020,91,66,72,63,84,111,165,26
19-07-2020,91,60,31,36,79,91,58,36
20-07-2020,40,18,90,59,73,86,136,60
21-07-2020,32,40,47,29,84,82,70,63
22-07-2020,46,89,54,30,32,142,114,47
23-07-2020,81,46,68,61,20,98,181,64
24-07-2020,59,33,59,63,52,103,124,68
25-07-2020,72,21,75,101,65,139,70,24
26-07-2020,99,20,82,35,80,103,90,28
27-07-2020,59,32,89,71,24,72,118,49
28-07-2020,28,43,89,105,88,50,177,59
29-07-2020,46,24,36,33,62,62,130,38
30-07-2020,22,66,40,116,82,119,125,30
31-07-2020,75,52,108,55,76,104,109,29
01-08-2020,72,12,48,115,87,71,178,34
02-08-2020,23,87,63,71,74,128,142,62
03-08-2020,59,29,77,100,55,121,64,59
04-08-2020,71,66,63,116,22,66,181,20
05-08-2020,75,58,109,70,19,139,179,30
06-08-2020,84,35,57,44,47,128,65,31
07-08-2020,97,53,59,45,99,52,67,61
08-08-2020,91,46,70,44,83,123,190,70
09-08-2020,90,77,68,41,61,135,198,62
10-08-2020,49,68,94,70,98,144,198,38
11-08-2020,44,61,31,40,31,143,148,71
12-08-2020,58,60,71,115,83,77,65,20
13-08-2020,99,63,85,69,66,132,176,67
14-08-2020,94,66,105,101,87,100,147,28
15-08-2020,44,32,70,69,45,94,149,34
16-08-2020,52,56,106,117,86,91,152,74
17-08-2020,82,45,82,81,74,71,190,27
18-08-2020,73,86,86,110,17,132,193,69
19-08-2020,70,60,43,61,93,120,197,23
20-08-2020,71,58,39,92,32,129,58,68
21-08-2020,71,83,68,88,63,51,84,44
22-08-2020,93,60,107,67,58,115,149,51
23-08-2020,75,86,31,49,28,106,135,28
24-08-2020,92,76,71,103,64,115,139,79
25-08-2020,20,28,78,98,86,85,193,22
26-08-2020,50,63,66,72,32,99,127,66
27-08-2020,40,47,104,112,99,146,88,35
28-08-2020,43,68,66,76,81,123,114,38
29-08-2020,38,29,41,104,75,80,148,55
30-08-2020,80,22,100,61,35,102,104,78
31-08-2020,79,11,35,59,54,128,91,66
01-09-2020,44,21,100,69,64,77,139,54
02-09-2020,39,64,61,103,63,97,188,41
03-09-2020,45,80,79,88,51,74,142,21
04-09-2020,26,59,65,76,22,100,110,36
05-09-2020,86,11,57,35,73,59,87,63
06-09-2020,75,47,84,109,88,77,149,33
07-09-2020,91,73,107,94,54,129,86,70
08-09-2020,30,18,33,40,28,67,154,61
09-09-2020,91,84,79,58,72,145,152,22
10-09-2020,36,36,41,53,62,113,159,73
11-09-2020,91,14,47,88,35,96,87,38
12-09-2020,66,33,80,58,88,146,146,69
13-09-2020,63,11,103,117,55,99,61,44
14-09-2020,83,48,105,92,19,92,150,25
15-09-2020,49,60,90,89,33,49,178,53
16-09-2020,62,16,95,69,37,120,128,44
17-09-2020,35,23,65,112,36,108,87,57
18-09-2020,23,86,91,84,23,40,138,61
19-09-2020,69,15,39,47,23,75,171,39
20-09-2020,53,68,91,29,46,135,168,41
21-09-2020,54,39,59,46,85,50,88,57
22-09-2020,83,88,89,87,66,78,106,77
23-09-2020,32,84,51,46,73,136,52,57
24-09-2020,46,41,105,68,49,40,116,58
25-09-2020,91,21,62,69,44,122,70,56
26-09-2020,60,48,61,76,39,122,121,20
27-09-2020,61,30,109,113,63,92,92,65
28-09-2020,48,34,55,39,88,127,65,24
29-09-2020,35,27,44,28,92,128,79,36
30-09-2020,72,64,66,49,47,42,72,25
01-10-2020,65,50,103,67,92,73,137,69
02-10-2020,88,56,68,102,85,103,180,36
03-10-2020,56,22,92,106,42,94,119,28
04-10-2020,79,51,84,99,23,144,55,53
05-10-2020,93,12,65,55,90,90,62,58
06-10-2020,34,42,100,93,76,62,182,53
07-10-2020,40,53,49,103,79,149,73,34
08-10-2020,53,11,34,117,70,62,64,51
09-10-2020,28,31,34,89,62,119,125,47
10-10-2020,45,77,82,108,99,83,170,22
11-10-2020,96,49,109,27,68,55,152,65
12-10-2020,37,23,78,84,56,132,111,27
13-10-2020,20,75,49,116,26,140,89,58
14-10-2020,42,25,53,112,37,72,178,31
15-10-2020,52,85,33,37,94,134,145,45
16-10-2020,66,66,34,77,94,77,113,60
17-10-2020,40,48,38,98,92,75,135,50
18-10-2020,99,47,78,119,39,40,185,79
19-10-2020,80,40,84,81,96,133,100,39
20-10-2020,46,42,48,25,36,129,183,36
21-10-2020,82,87,64,101,23,71,145,65
22-10-2020,71,21,88,45,87,80,151,33
23-10-2020,83,44,37,114,51,58,120,37
24-10-2020,33,18,53,80,82,45,150,35
25-10-2020,66,35,62,104,61,117,115,26
26-10-2020,26,21,49,80,43,132,175,29
27-10-2020,95,84,50,45,30,81,117,61
28-10-2020,47,78,105,93,36,52,152,63
29-10-2020,22,17,70,85,49,82,150,46
30-10-2020,41,86,39,51,26,77,131,77
31-10-2020,82,82,90,93,91,78,104,79
01-11-2020,48,51,30,63,39,104,56,58
02-11-2020,39,45,76,95,22,72,181,74
03-11-2020,86,82,92,61,32,141,64,43
04-11-2020,52,68,47,95,24,53,78,70
05-11-2020,67,35,33,60,94,143,118,72
06-11-2020,60,57,81,80,80,110,118,51
07-11-2020,28,52,48,43,88,41,84,45
08-11-2020,67,72,74,48,62,64,113,38
09-11-2020,73,10,109,44,25,127,175,31
10-11-2020,42,63,35,115,76,85,82,33
11-11-2020,84,67,33,30,62,111,70,30
12-11-2020,40,20,31,96,33,58,116,60
13-11-2020,51,78,92,112,82,65,113,37
14-11-2020,45,87,42,81,99,99,151,79
15-11-2020,52,63,33,110,72,93,54,72
16-11-2020,79,70,42,99,27,80,78,71
17-11-2020,28,58,45,110,89,76,184,68
18-11-2020,89,64,76,57,36,90,188,45
19-11-2020,65,72,57,107,40,41,179,73
20-11-2020,26,78,91,111,32,44,167,35
21-11-2020,26,87,87,38,43,81,186,20
22-11-2020,88,44,64,26,95,77,159,53
23-11-2020,52,82,53,96,25,52,134,41
24-11-2020,29,20,75,59,59,119,177,23
25-11-2020,47,13,73,117,47,71,102,33
26-11-2020,66,81,93,104,45,140,197,39
27-11-2020,65,60,44,112,32,54,103,26
28-11-2020,41,73,105,30,92,141,138,53
29-11-2020,40,87,61,46,77,105,162,77
30-11-2020,75,54,83,52,44,50,89,51
01-12-2020,51,75,99,45,26,57,167,58
02-12-2020,51,38,85,53,90,135,185,25
03-12-2020,55,15,48,33,58,98,75,28
04-12-2020,50,21,106,55,92,61,92,79
05-12-2020,89,25,59,117,43,126,74,76
06-12-2020,73,55,52,74,83,62,129,23
07-12-2020,40,11,87,97,69,104,52,40
08-12-2020,54,49,50,44,16,67,96,69
09-12-2020,97,14,90,68,22,76,187,73
10-12-2020,42,56,56,29,32,91,160,78
11-12-2020,61,29,35,86,69,77,91,27
12-12-2020,43,72,47,47,64,57,94,53
13-12-2020,93,21,88,66,99,46,183,33
14-12-2020,88,25,63,91,27,120,90,22
15-12-2020,61,39,58,35,79,84,194,27
16-12-2020,49,29,85,37,80,91,102,53
17-12-2020,90,79,30,99,79,128,90,69
18-12-2020,25,18,60,31,78,146,108,79
19-12-2020,91,12,94,58,54,136,85,60
20-12-2020,71,29,100,69,67,96,58,75
21-12-2020,45,71,66,66,91,112,168,21
22-12-2020,60,46,72,78,47,132,58,29
23-12-2020,87,66,93,112,18,56,117,73
24-12-2020,73,26,97,47,37,145,180,43
25-12-2020,79,24,34,29,61,104,63,28
26-12-2020,96,28,46,87,73,89,197,61
27-12-2020,74,86,79,95,17,64,104,48
28-12-2020,43,59,53,76,57,58,155,59
29-12-2020,59,32,30,97,99,135,155,73
30-12-2020,83,33,103,36,40,124,148,57
31-12-2020,53,36,40,37,26,142,55,37
01-01-2021,58,32,67,89,80,85,58,32
02-01-2021,20,85,85,101,76,70,129,64
03-01-2021,39,20,32,28,48,47,138,73
04-01-2021,44,81,49,61,69,53,60,69
05-01-2021,25,33,33,52,17,149,158,70
06-01-2021,92,19,107,75,45,121,164,57
07-01-2021,22,84,100,92,27,146,52,79
08-01-2021,55,42,62,103,15,142,103,25
09-01-2021,89,22,87,98,58,145,169,39
10-01-2021,57,37,89,84,89,117,108,31
11-01-2021,84,78,74,108,48,118,114,28
12-01-2021,57,26,33,104,42,56,126,79
13-01-2021,47,45,74,113,29,110,62,54
14-01-2021,66,29,46,111,72,128,139,65
15-01-2021,92,77,101,48,30,142,171,61
16-01-2021,66,37,63,71,87,111,187,23
17-01-2021,29,63,53,70,86,98,52,43
18-01-2021,91,71,52,35,77,68,62,60
19-01-2021,24,25,58,89,89,76,119,40
20-01-2021,32,62,92,89,91,71,148,77
21-01-2021,53,39,88,95,32,58,161,71
22-01-2021,44,41,84,40,37,102,199,50
23-01-2021,42,55,94,77,45,109,197,64
24-01-2021,22,35,95,87,84,96,62,22
25-01-2021,27,12,84,40,64,89,126,41
26-01-2021,65,19,77,43,87,145,116,72
27-01-2021,81,46,36,29,82,55,177,55
28-01-2021,58,53,80,43,22,133,73,55
29-01-2021,70,37,89,60,57,99,155,61
30-01-2021,41,22,93,100,97,54,97,51
31-01-2021,64,27,53,101,37,126,197,20
01-02-2021,94,75,86,59,53,142,91,56
02-02-2021,42,78,49,53,94,71,117,75
03-02-2021,68,57,35,65,99,51,194,77
04-02-2021,99,27,37,93,53,136,169,58
05-02-2021,70,53,68,102,62,40,87,42
06-02-2021,47,46,89,67,80,72,158,48
07-02-2021,48,68,44,28,55,55,66,44
08-02-2021,78,58,101,42,91,84,90,73
09-02-2021,89,67,40,48,78,113,65,52
10-02-2021,97,20,76,79,36,60,164,22
11-02-2021,47,44,55,93,90,48,192,33
12-02-2021,93,38,108,32,36,145,82,31
13-02-2021,66,73,94,38,83,43,132,21
14-02-2021,23,74,43,112,49,46,128,62
15-02-2021,21,70,54,71,40,51,93,41
16-02-2021,83,85,79,113,15,117,145,33
17-02-2021,48,61,67,33,47,71,163,26
18-02-2021,66,78,40,89,47,144,91,33
19-02-2021,34,30,101,86,87,98,154,67
20-02-2021,57,74,105,75,34,73,161,66
21-02-2021,68,33,35,51,47,72,63,33
22-02-2021,91,73,36,69,53,147,50,57
23-02-2021,59,66,44,76,27,54,110,51
24-02-2021,35,89,64,100,81,125,59,71
25-02-2021,53,85,45,25,89,130,99,58
26-02-2021,25,15,102,40,19,102,192,71
27-02-2021,72,28,41,119,32,107,80,78
28-02-2021,40,77,43,62,67,117,96,73
01-03-2021,48,14,78,36,71,131,98,60
02-03-2021,21,35,99,84,27,44,195,47
03-03-2021,45,27,49,82,37,135,125,55
04-03-2021,63,18,58,57,48,56,72,72
05-03-2021,37,43,41,86,99,65,138,77
06-03-2021,49,40,31,119,74,132,85,62
07-03-2021,42,48,41,84,31,80,130,20
08-03-2021,67,26,103,29,23,145,62,27
09-03-2021,74,58,87,99,16,122,139,28
10-03-2021,42,56,56,76,66,103,78,29
11-03-2021,59,58,77,35,55,105,171,20
12-03-2021,83,45,49,64,25,52,170,59
13-03-2021,91,18,68,97,27,72,97,75
14-03-2021,33,45,85,101,98,146,57,76
15-03-2021,97,80,54,44,81,46,155,53
16-03-2021,21,75,92,114,20,126,50,78
17-03-2021,23,75,55,74,83,118,64,52
18-03-2021,28,85,73,82,71,133,111,29
19-03-2021,35,21,68,53,94,69,153,70
20-03-2021,51,51,54,59,56,57,75,52
21-03-2021,46,13,36,107,93,91,140,26
22-03-2021,34,45,46,93,21,126,118,43
23-03-2021,87,64,67,29,43,40,159,52
24-03-2021,44,48,70,110,59,110,128,24
25-03-2021,34,14,49,29,30,71,120,66
26-03-2021,31,64,67,93,70,50,138,49
27-03-2021,90,35,104,40,90,62,89,23
28-03-2021,43,65,96,85,24,57,65,24
29-03-2021,89,66,44,76,65,58,63,33
30-03-2021,60,58,108,36,72,113,148,76
31-03-2021,79,23,96,115,48,108,176,74
01-04-2021,50,22,104,113,55,141,148,39
02-04-2021,40,33,47,75,80,56,54,69
03-04-2021,79,22,74,69,94,102,125,35
04-04-2021,94,56,91,113,55,125,133,35
05-04-2021,99,65,81,31,28,128,137,22
06-04-2021,97,41,48,65,19,101,158,31
07-04-2021,33,49,75,50,26,148,100,71
08-04-2021,33,33,69,77,65,55,165,40
09-04-2021,43,27,46,116,29,76,65,28
10-04-2021,91,23,84,74,88,72,177,70
11-04-2021,44,41,76,92,61,48,173,32
12-04-2021,47,78,94,78,36,89,179,30
13-04-2021,37,75,64,118,54,120,73,46
14-04-2021,76,11,38,56,28,123,54,30
15-04-2021,61,72,43,75,71,92,116,55
16-04-2021,86,69,87,118,87,68,147,41
17-04-2021,31,16,44,34,22,46,146,31
18-04-2021,55,24,79,86,61,83,86,55
19-04-2021,88,57,109,115,97,55,115,20
20-04-2021,95,86,84,90,33,96,89,77
21-04-2021,36,39,104,42,79,139,65,79
22-04-2021,62,11,104,100,65,53,90,24
23-04-2021,59,76,93,62,79,145,100,35
24-04-2021,41,64,69,81,99,64,179,38
25-04-2021,83,31,72,26,71,79,76,32
26-04-2021,29,23,96,75,93,58,99,53
27-04-2021,25,24,47,65,62,124,150,79
28-04-2021,36,59,69,31,84,142,104,32
29-04-2021,95,23,43,107,57,113,179,60
30-04-2021,82,43,50,40,38,64,198,29
01-05-2021,89,12,50,65,22,114,115,28
02-05-2021,69,53,40,37,87,147,158,62
03-05-2021,99,26,74,63,61,85,123,78
04-05-2021,87,57,64,118,36,44,102,27
05-05-2021,44,44,65,38,60,100,161,40
06-05-2021,52,42,73,111,60,131,154,33
07-05-2021,20,71,38,100,89,101,152,59
08-05-2021,98,70,31,46,51,67,86,77
09-05-2021,36,64,63,31,64,117,145,41
10-05-2021,62,26,93,93,66,107,156,42
11-05-2021,77,85,83,87,31,70,102,77
12-05-2021,38,67,102,90,82,82,76,57
13-05-2021,73,82,47,99,61,56,156,62
14-05-2021,20,18,66,75,88,125,133,23
15-05-2021,35,84,48,112,98,75,73,44
16-05-2021,43,39,84,117,58,105,55,46
17-05-2021,98,27,48,44,58,132,148,39
18-05-2021,83,57,101,67,97,134,197,67
19-05-2021,77,23,103,59,61,143,52,49
20-05-2021,43,88,90,28,60,75,70,78
21-05-2021,77,74,55,65,64,120,173,30
22-05-2021,83,17,71,117,73,95,71,24
23-05-2021,60,20,102,52,75,57,104,67
24-05-2021,52,56,98,43,56,75,178,56
25-05-2021,77,42,100,61,65,66,125,26
26-05-2021,75,46,76,53,25,141,80,65
27-05-2021,34,83,52,63,90,80,144,40
28-05-2021,84,60,78,118,52,101,116,20
29-05-2021,31,77,57,94,57,87,171,59
30-05-2021,54,30,64,46,15,119,150,49
31-05-2021,56,87,103,46,54,142,117,45
01-06-2021,49,89,43,44,70,136,181,63
02-06-2021,30,58,30,40,92,89,181,24
03-06-2021,79,18,79,88,19,133,137,60
04-06-2021,51,50,104,61,80,144,191,60
05-06-2021,21,50,97,43,17,46,84,60
06-06-2021,29,75,66,44,67,118,129,29
07-06-2021,65,40,89,85,39,109,67,30
08-06-2021,41,57,99,35,59,45,103,39
09-06-2021,92,72,57,61,75,132,152,41
10-06-2021,74,63,71,98,88,126,149,40
11-06-2021,78,59,99,28,25,80,114,23
12-06-2021,49,86,50,117,39,98,107,37
13-06-2021,72,34,103,94,77,121,85,30
14-06-2021,40,75,97,26,77,70,125,52
15-06-2021,39,49,49,92,56,123,190,25
16-06-2021,99,51,108,114,90,46,163,70
17-06-2021,58,62,55,47,16,130,129,74
18-06-2021,54,54,68,103,98,122,190,56
19-06-2021,48,72,100,41,50,60,89,75
20-06-2021,75,39,86,60,83,105,58,64
21-06-2021,74,42,70,25,75,40,152,45
22-06-2021,72,70,45,106,30,131,109,25
23-06-2021,67,82,52,44,39,139,169,60
24-06-2021,86,55,32,70,40,133,64,21
25-06-2021,74,70,34,68,70,46,66,54
26-06-2021,51,63,102,87,39,112,65,58
27-06-2021,77,45,44,77,80,121,89,66
28-06-2021,97,48,55,47,40,146,145,21
29-06-2021,88,38,43,63,33,130,92,39
30-06-2021,47,82,71,35,97,135,96,34
01-07-2021,91,22,62,100,18,90,199,79
02-07-2021,79,22,55,104,54,115,83,61
03-07-2021,32,47,96,99,74,80,106,66
04-07-2021,37,44,49,25,50,59,130,21
05-07-2021,70,61,48,107,74,101,97,38
06-07-2021,69,36,68,77,72,88,59,37
07-07-2021,62,73,78,40,31,144,183,29
08-07-2021,65,67,98,25,71,111,133,34
09-07-2021,43,68,49,41,43,83,108,73
10-07-2021,24,86,50,81,39,102,78,78
11-07-2021,49,47,38,33,34,132,97,79
12-07-2021,62,37,93,111,90,132,70,69
13-07-2021,72,67,82,39,89,141,153,65
14-07-2021,43,51,74,79,61,115,82,41
15-07-2021,33,49,109,95,90,62,61,68
16-07-2021,55,83,54,88,76,80,81,38
17-07-2021,45,74,53,42,97,43,196,31
18-07-2021,32,75,109,75,42,77,67,25
19-07-2021,40,74,71,91,92,83,125,75
20-07-2021,59,36,55,46,57,57,157,77
21-07-2021,97,88,62,86,66,87,145,72
22-07-2021,62,61,67,94,25,55,100,53
23-07-2021,78,45,82,116,75,48,167,39
24-07-2021,68,12,53,77,43,124,81,52
25-07-2021,66,62,96,26,65,60,173,39
26-07-2021,38,77,59,74,82,143,84,33
27-07-2021,31,55,101,66,74,82,93,28
28-07-2021,55,78,34,26,73,69,100,66
29-07-2021,52,45,80,49,47,109,192,56
30-07-2021,81,84,82,34,97,46,80,45
31-07-2021,60,76,76,34,29,86,123,33
01-08-2021,96,43,103,61,88,41,194,22
02-08-2021,38,80,99,82,59,40,134,44
03-08-2021,50,84,102,85,45,111,171,53
04-08-2021,69,59,35,70,43,148,108,38
05-08-2021,61,21,74,56,59,43,51,67
06-08-2021,36,33,65,41,44,106,81,30
07-08-2021,87,28,44,53,41,121,90,32
08-08-2021,25,17,103,56,79,47,97,70
09-08-2021,79,78,74,46,35,44,130,76
10-08-2021,38,10,36,62,22,65,107,54
11-08-2021,77,68,49,59,36,59,120,77
12-08-2021,59,40,102,86,97,46,70,47
13-08-2021,64,74,103,67,42,88,169,76
14-08-2021,61,29,96,60,19,83,167,27
15-08-2021,89,29,57,101,44,104,164,39
16-08-2021,43,62,74,45,47,134,117,77
17-08-2021,41,60,103,49,38,91,190,55
18-08-2021,72,41,65,38,58,63,54,69
19-08-2021,97,69,100,67,54,49,111,72
20-08-2021,43,55,57,81,50,128,72,68
21-08-2021,44,56,67,117,80,132,160,38
22-08-2021,36,69,34,112,55,89,177,71
23-08-2021,54,70,89,51,47,67,147,69
24-08-2021,75,28,98,62,27,62,92,34
25-08-2021,47,30,82,44,76,79,95,58
26-08-2021,85,54,63,108,55,74,60,33
27-08-2021,53,41,86,101,76,82,99,28
28-08-2021,84,26,56,44,83,149,134,66
29-08-2021,22,47,58,109,90,104,65,52
30-08-2021,78,68,86,27,60,89,106,74
31-08-2021,75,10,63,116,25,110,125,46
01-09-2021,41,31,55,90,49,63,150,31
02-09-2021,61,29,34,30,19,147,179,76
03-09-2021,23,61,91,45,48,133,131,79
04-09-2021,98,24,85,108,91,47,96,37
05-09-2021,31,50,85,37,65,142,193,47
06-09-2021,56,83,99,81,80,42,63,58
07-09-2021,60,60,45,26,26,98,89,41
08-09-2021,77,69,103,72,88,136,159,56
09-09-2021,82,32,104,86,76,106,118,21
10-09-2021,90,72,59,114,93,58,198,33
11-09-2021,24,50,47,111,73,95,128,37
12-09-2021,36,49,51,60,55,132,94,60
13-09-2021,47,18,83,91,53,73,60,48
14-09-2021,46,23,77,49,94,92,172,74
15-09-2021,72,22,63,100,91,83,180,63
16-09-2021,45,17,50,81,85,46,135,24
17-09-2021,68,28,76,29,41,98,196,74
18-09-2021,79,39,72,76,43,99,103,73
19-09-2021,46,16,68,103,54,95,181,56
20-09-2021,57,53,69,88,73,56,181,65
21-09-2021,99,51,86,56,40,101,144,35
22-09-2021,28,53,40,113,29,86,149,70
23-09-2021,51,12,105,116,52,146,172,27
24-09-2021,20,78,105,83,91,43,123,33
25-09-2021,28,59,74,27,95,110,80,76
26-09-2021,69,61,55,61,57,101,99,75
27-09-2021,90,34,93,31,63,144,157,38
28-09-2021,56,86,61,42,93,88,171,39
29-09-2021,25,88,91,82,71,111,195,64
30-09-2021,56,33,91,39,80,129,126,55
01-10-2021,58,85,55,51,61,69,80,52
02-10-2021,23,59,58,65,50,141,120,48
03-10-2021,68,66,69,53,38,82,99,65
04-10-2021,56,58,80,102,98,51,110,41
05-10-2021,93,82,93,91,72,72,147,53
06-10-2021,29,66,104,42,20,116,138,46
07-10-2021,27,52,91,82,99,149,66,43
08-10-2021,42,25,53,70,76,62,55,77
09-10-2021,90,47,82,31,93,96,190,22
10-10-2021,82,86,99,26,88,143,124,38
11-10-2021,85,73,64,96,38,123,130,43
12-10-2021,57,82,85,32,79,128,152,66
13-10-2021,39,69,68,25,45,147,56,23
14-10-2021,50,38,54,116,42,148,138,40
15-10-2021,49,37,101,28,77,46,79,32
16-10-2021,67,27,95,53,73,88,88,64
17-10-2021,29,68,95,71,92,123,96,24
18-10-2021,79,28,47,30,54,96,121,46
19-10-2021,28,54,88,96,97,46,176,72
20-10-2021,77,56,70,104,29,141,164,42
21-10-2021,51,42,71,29,63,111,129,64
22-10-2021,35,14,97,58,53,58,185,40
23-10-2021,31,71,104,82,99,41,167,79
24-10-2021,54,84,42,95,47,121,177,78
25-10-2021,66,63,80,42,90,61,190,54
26-10-2021,36,76,54,35,44,51,144,40
27-10-2021,48,56,60,81,97,69,159,33
28-10-2021,76,50,31,25,39,47,70,69
29-10-2021,55,45,31,100,76,98,84,56
30-10-2021,87,54,107,67,67,87,166,36
31-10-2021,26,55,34,31,31,83,50,61
01-11-2021,38,29,104,30,27,142,174,71
02-11-2021,47,61,108,109,98,124,50,43
03-11-2021,40,74,61,69,53,43,190,65
04-11-2021,24,86,105,75,60,126,173,66
05-11-2021,68,85,31,66,93,111,57,55
06-11-2021,20,77,61,88,58,139,166,33
07-11-2021,83,85,94,88,62,123,84,44
08-11-2021,47,61,73,62,24,84,119,28
09-11-2021,63,25,83,43,87,124,145,63
10-11-2021,67,57,69,55,68,61,92,33
11-11-2021,31,32,103,50,29,96,165,55
12-11-2021,37,11,64,34,64,95,163,22
13-11-2021,64,79,51,41,51,71,57,73
14-11-2021,70,31,54,86,32,114,92,55
15-11-2021,24,72,51,104,93,123,90,41
16-11-2021,50,37,50,84,94,130,129,50
17-11-2021,85,32,102,89,58,84,173,24
18-11-2021,64,11,98,68,79,70,67,23
19-11-2021,78,43,91,94,84,110,127,49
20-11-2021,92,20,39,65,83,58,147,22
21-11-2021,21,34,57,28,24,84,129,44
22-11-2021,75,62,93,88,81,77,64,25
23-11-2021,54,72,83,95,34,85,114,64
24-11-2021,63,71,106,94,41,42,191,54
25-11-2021,44,48,37,26,51,60,50,73
26-11-2021,35,28,69,118,26,72,128,50
27-11-2021,77,11,74,33,17,146,107,27
28-11-2021,60,52,88,95,20,122,73,36
29-11-2021,63,40,52,59,30,148,139,54
30-11-2021,39,74,109,80,41,90,132,35
01-12-2021,78,68,31,89,40,137,68,36
02-12-2021,87,49,40,79,25,43,154,55
03-12-2021,51,73,90,54,93,125,93,66
04-12-2021,83,20,35,81,30,79,91,60
05-12-2021,58,22,59,118,71,147,123,55
06-12-2021,34,72,98,32,55,93,114,48
07-12-2021,37,33,104,87,21,67,76,61
08-12-2021,90,59,98,100,96,143,161,35
09-12-2021,86,22,77,90,83,49,71,28
10-12-2021,91,39,100,26,46,122,165,24
11-12-2021,48,63,42,93,97,102,171,28
12-12-2021,91,46,39,61,26,149,197,44
13-12-2021,20,34,86,62,20,110,53,54
14-12-2021,64,44,97,42,19,42,52,30
15-12-2021,85,55,36,72,58,110,83,74
16-12-2021,53,64,101,90,51,82,178,28
17-12-2021,40,26,68,63,74,69,69,43
18-12-2021,67,72,80,30,67,97,53,28
19-12-2021,52,23,46,90,46,121,84,66
20-12-2021,76,24,48,30,16,44,63,32
21-12-2021,59,86,77,31,29,79,137,69
22-12-2021,90,13,37,45,81,123,91,58
23-12-2021,34,12,56,70,37,84,64,41
24-12-2021,92,54,62,98,90,101,160,42
25-12-2021,49,29,34,50,76,60,162,55
26-12-2021,63,19,99,46,30,78,153,52
27-12-2021,74,34,54,57,51,106,153,60
28-12-2021,36,13,82,71,81,108,125,79
29-12-2021,58,13,60,69,94,94,178,27
30-12-2021,67,18,68,70,82,133,166,78
31-12-2021,22,66,34,88,78,86,64,52
01-01-2022,56,57,75,100,79,46,196,51
02-01-2022,36,38,31,36,92,96,137,73
03-01-2022,94,67,93,97,17,99,192,54
04-01-2022,93,44,100,67,70,69,66,52
05-01-2022,84,23,53,37,52,132,85,30
06-01-2022,93,43,73,34,57,129,177,77
07-01-2022,44,55,80,104,91,106,55,67
08-01-2022,35,21,54,47,50,56,73,55
09-01-2022,74,73,48,101,64,66,186,37
10-01-2022,78,57,35,98,22,119,102,49
11-01-2022,51,88,46,108,48,125,115,61
12-01-2022,82,75,43,64,95,131,74,33
13-01-2022,71,16,100,109,19,97,182,36
14-01-2022,44,30,49,74,59,122,91,78
15-01-2022,32,77,104,118,65,99,190,53
16-01-2022,99,69,101,57,31,103,173,66
17-01-2022,47,37,107,36,60,145,128,39
18-01-2022,79,70,64,112,99,132,130,59
19-01-2022,27,45,49,58,66,145,157,73
20-01-2022,50,38,63,102,85,53,85,44
21-01-2022,81,31,81,79,65,101,109,23
22-01-2022,53,88,46,108,86,124,52,27
23-01-2022,61,31,99,69,31,70,142,32
24-01-2022,88,49,34,37,35,81,170,65
25-01-2022,56,40,100,56,55,97,136,20
26-01-2022,50,16,37,108,96,103,155,67
27-01-2022,52,76,91,46,86,66,82,32
28-01-2022,62,77,92,104,95,139,148,72
29-01-2022,42,63,34,59,58,109,144,69
30-01-2022,64,37,81,108,17,142,188,74
31-01-2022,60,82,107,96,58,135,98,27
01-02-2022,37,79,59,27,85,138,164,71
02-02-2022,33,13,91,28,59,132,54,78
03-02-2022,35,54,103,112,26,111,157,31
04-02-2022,43,39,43,108,46,41,84,62
05-02-2022,86,30,103,107,64,83,89,74
06-02-2022,32,62,84,84,79,71,163,74
07-02-2022,58,57,40,25,89,118,134,43
08-02-2022,40,17,56,55,40,90,157,23
09-02-2022,80,23,32,90,88,142,64,66
10-02-2022,38,81,75,65,85,47,62,42
11-02-2022,99,44,41,40,35,148,138,46
12-02-2022,47,11,107,30,24,93,169,53
13-02-2022,88,78,42,86,82,148,139,63
14-02-2022,27,69,66,36,35,79,65,21
15-02-2022,34,89,34,80,59,139,138,64
16-02-2022,92,57,85,78,40,73,59,28
17-02-2022,37,15,92,108,76,134,161,24
18-02-2022,39,85,53,79,30,51,59,36
19-02-2022,64,31,76,112,32,113,80,30
20-02-2022,78,23,61,90,39,147,152,68
21-02-2022,45,21,66,86,74,79,87,67
22-02-2022,85,75,35,105,42,50,115,55
23-02-2022,57,35,86,45,77,72,133,69
24-02-2022,25,39,45,53,58,146,90,72
25-02-2022,22,24,100,88,21,74,105,39
26-02-2022,40,19,70,77,29,138,105,58
27-02-2022,68,68,101,88,73,42,125,62
28-02-2022,41,89,33,45,65,76,66,66
01-03-2022,64,34,61,90,17,62,197,33
02-03-2022,49,83,89,95,46,104,106,62
03-03-2022,51,58,80,28,88,40,56,74
04-03-2022,21,21,54,64,50,118,58,76
05-03-2022,67,36,37,104,91,43,175,33
06-03-2022,58,51,105,73,50,102,78,31
07-03-2022,49,82,49,70,67,90,55,74
08-03-2022,51,43,65,57,47,111,75,31
09-03-2022,46,11,101,106,59,60,121,28
10-03-2022,31,72,85,39,30,64,118,23
11-03-2022,65,59,51,107,55,82,75,22
12-03-2022,98,61,66,52,22,46,100,79
13-03-2022,79,12,86,39,54,142,144,65
14-03-2022,69,63,88,58,70,99,96,57
15-03-2022,86,79,48,76,19,118,97,21
16-03-2022,98,20,98,35,33,62,87,53
17-03-2022,88,27,55,113,48,86,173,72
18-03-2022,59,83,86,41,95,131,91,62
19-03-2022,29,29,94,44,68,76,126,52
20-03-2022,65,16,38,95,25,131,73,39
21-03-2022,22,68,62,37,40,115,189,33
22-03-2022,69,66,60,45,74,84,123,58
23-03-2022,58,34,95,80,77,146,93,78
24-03-2022,63,20,108,114,52,118,70,68
25-03-2022,85,25,91,96,82,129,70,61
26-03-2022,73,73,82,94,35,119,60,78
27-03-2022,76,48,109,107,29,87,191,64
28-03-2022,57,64,44,79,61,55,77,32
29-03-2022,49,10,44,86,68,127,58,43
30-03-2022,89,83,60,102,17,87,167,76
31-03-2022,98,52,75,109,67,90,58,30
01-04-2022,40,19,33,31,15,70,131,51
02-04-2022,77,20,56,94,95,93,141,64
03-04-2022,32,17,46,102,91,126,169,24
04-04-2022,94,36,53,64,69,43,139,65
05-04-2022,87,28,31,110,62,59,54,38
06-04-2022,72,41,47,92,68,145,191,33
07-04-2022,53,61,96,92,71,120,91,72
08-04-2022,97,84,77,61,58,110,70,50
09-04-2022,78,35,96,97,62,77,92,64
10-04-2022,77,28,93,77,79,146,159,75
11-04-2022,57,78,31,27,45,88,160,74
12-04-2022,31,89,50,107,53,104,123,75
13-04-2022,97,76,66,37,40,119,106,43
14-04-2022,75,49,100,59,92,98,145,35
15-04-2022,33,76,33,53,56,101,85,70
16-04-2022,38,62,75,70,42,130,172,50
17-04-2022,95,32,31,26,32,82,159,33
18-04-2022,86,12,30,107,67,54,136,43
19-04-2022,73,81,76,47,38,55,194,31
20-04-2022,92,19,71,31,17,133,197,63
21-04-2022,47,30,42,104,90,41,184,76
22-04-2022,20,87,49,43,65,59,135,61
23-04-2022,31,34,107,61,93,118,193,51
24-04-2022,87,74,99,105,58,71,131,34
25-04-2022,82,79,71,36,26,119,151,47
26-04-2022,80,16,92,98,62,122,153,32
27-04-2022,22,89,59,80,20,144,195,70
28-04-2022,25,59,30,78,16,114,116,64
29-04-2022,20,46,103,69,65,89,106,27
30-04-2022,22,47,93,60,32,73,71,47
01-05-2022,70,66,43,97,81,40,161,62
02-05-2022,22,31,55,69,58,141,128,78
03-05-2022,28,17,91,49,50,114,95,35
04-05-2022,37,49,40,101,75,130,159,28
05-05-2022,45,37,66,70,25,130,155,27
06-05-2022,41,23,57,73,96,57,184,50
07-05-2022,84,58,32,98,47,143,123,79
08-05-2022,89,73,78,107,33,49,144,36
09-05-2022,45,32,102,115,46,110,192,61
10-05-2022,81,79,61,107,21,49,196,20
11-05-2022,88,76,46,91,29,79,179,20
12-05-2022,34,74,63,50,36,71,109,77
13-05-2022,39,26,76,44,64,49,101,29
14-05-2022,67,60,60,53,49,101,165,23
15-05-2022,47,55,38,60,38,102,190,78
16-05-2022,76,47,95,89,51,56,137,62
17-05-2022,56,72,103,44,28,123,162,77
18-05-2022,70,43,55,117,41,51,102,29
19-05-2022,92,79,45,98,59,73,190,22
20-05-2022,39,20,55,82,17,125,158,73
21-05-2022,26,65,105,36,77,127,57,29
22-05-2022,70,28,102,110,78,149,87,65
23-05-2022,77,76,84,103,49,68,121,72
24-05-2022,28,58,84,87,54,92,175,52
25-05-2022,52,60,59,102,79,69,152,64
26-05-2022,84,22,55,119,68,79,134,79
27-05-2022,27,76,76,50,89,136,126,31
28-05-2022,69,58,79,58,16,53,135,42
29-05-2022,67,18,87,55,68,111,103,63
30-05-2022,82,89,38,98,59,130,62,45
31-05-2022,92,68,72,96,38,52,194,75
01-06-2022,94,51,102,103,44,132,120,41
02-06-2022,28,21,40,48,18,58,104,36
03-06-2022,29,32,95,25,32,107,90,77
04-06-2022,40,45,71,51,23,68,137,35
05-06-2022,94,45,80,61,58,112,166,32
06-06-2022,39,81,78,91,79,76,117,61
07-06-2022,31,60,82,43,40,43,82,55
08-06-2022,69,86,90,117,32,94,61,38
09-06-2022,98,73,86,82,20,131,129,74
10-06-2022,25,65,105,98,83,132,173,78
11-06-2022,36,40,71,91,86,47,68,31
12-06-2022,76,80,52,45,86,110,144,42
13-06-2022,88,86,62,105,90,98,197,70
14-06-2022,98,16,68,98,75,143,162,75
15-06-2022,70,67,87,79,15,42,93,72
16-06-2022,86,87,67,116,78,101,55,27
17-06-2022,22,89,47,58,95,65,60,79
18-06-2022,98,85,79,36,15,124,97,59
19-06-2022,67,56,69,71,79,81,76,23
20-06-2022,91,60,104,116,79,117,89,55
21-06-2022,25,24,99,25,19,100,70,35
22-06-2022,24,45,103,116,60,76,117,69
23-06-2022,35,77,96,50,44,123,184,54
24-06-2022,72,22,87,66,83,83,187,44
25-06-2022,36,72,75,105,45,117,188,71
26-06-2022,58,65,75,118,18,58,55,58
27-06-2022,24,10,95,103,72,107,161,66
28-06-2022,44,31,46,40,90,69,108,61
29-06-2022,40,10,97,91,31,77,107,59
30-06-2022,27,43,70,69,96,145,170,65
01-07-2022,65,87,88,78,88,90,64,76
02-07-2022,53,15,40,68,37,110,172,70
03-07-2022,98,31,82,45,85,143,124,41
04-07-2022,54,54,64,30,39,78,121,38
05-07-2022,45,18,35,33,36,93,132,61
06-07-2022,54,63,32,115,40,112,92,30
07-07-2022,72,10,70,104,21,112,169,39
08-07-2022,34,38,40,73,28,60,144,52
09-07-2022,86,72,78,91,50,57,90,37
10-07-2022,60,18,99,96,83,49,182,49
11-07-2022,28,15,90,101,35,80,109,29
12-07-2022,55,89,42,48,53,52,166,74
13-07-2022,71,49,30,58,30,97,124,71
14-07-2022,77,71,54,96,51,52,133,66
15-07-2022,29,24,77,103,64,106,195,27
16-07-2022,49,84,49,96,65,97,142,51
17-07-2022,77,22,89,92,44,85,116,65
18-07-2022,94,49,99,32,31,95,81,22
19-07-2022,78,40,32,48,21,130,56,65
20-07-2022,50,79,55,38,57,106,166,65
21-07-2022,95,68,35,50,88,117,148,46
22-07-2022,44,43,91,25,87,83,110,56
23-07-2022,58,39,61,100,89,59,165,35
24-07-2022,75,54,81,89,72,71,138,38
25-07-2022,96,58,109,59,72,116,140,23
26-07-2022,49,72,32,85,89,87,92,54
27-07-2022,22,85,81,95,37,113,56,29
28-07-2022,50,84,31,75,15,66,189,25
29-07-2022,65,68,39,85,79,85,107,53
30-07-2022,54,15,81,29,44,105,116,47
31-07-2022,32,68,79,97,54,54,60,49
01-08-2022,49,19,104,105,90,48,50,37
02-08-2022,89,75,40,88,74,119,94,50
03-08-2022,30,48,66,62,59,71,107,40
04-08-2022,30,42,37,45,61,107,186,48
05-08-2022,87,63,97,42,27,47,89,42
06-08-2022,41,81,63,32,60,71,197,23
07-08-2022,88,54,91,38,23,53,50,67
08-08-2022,50,43,34,90,73,88,75,51
09-08-2022,50,88,48,48,22,110,138,45
10-08-2022,22,40,107,89,51,109,70,21
11-08-2022,54,63,36,108,84,117,119,70
12-08-2022,79,85,44,77,77,54,170,65
13-08-2022,29,14,87,113,88,124,185,63
14-08-2022,95,57,79,114,45,100,162,62
15-08-2022,46,76,45,25,72,125,159,21
16-08-2022,31,67,61,59,93,86,119,51
17-08-2022,34,30,67,113,74,114,166,25
18-08-2022,45,14,61,114,97,47,86,42
19-08-2022,47,69,101,76,66,86,122,32
20-08-2022,32,80,86,88,70,137,129,22
21-08-2022,63,15,66,105,63,80,142,39
22-08-2022,57,58,88,30,76,97,165,56
23-08-2022,23,40,61,93,57,43,55,27
24-08-2022,97,48,85,25,98,112,186,33
25-08-2022,66,73,32,43,47,128,105,55
26-08-2022,27,34,79,34,19,105,63,36
27-08-2022,85,66,61,112,50,48,131,60
28-08-2022,27,20,34,53,37,140,85,24
29-08-2022,94,56,100,35,44,101,163,65
30-08-2022,78,61,107,111,76,81,90,40
31-08-2022,78,28,106,44,72,71,143,29
01-09-2022,36,60,109,52,36,70,150,59
02-09-2022,49,55,109,110,97,134,148,56
03-09-2022,70,10,107,48,17,101,186,56
04-09-2022,76,30,91,115,97,139,184,65
05-09-2022,29,59,53,52,45,135,124,35
06-09-2022,53,81,105,57,96,98,136,66
07-09-2022,34,74,104,65,24,76,152,35
08-09-2022,44,20,58,93,86,48,139,32
09-09-2022,33,82,33,44,42,72,50,35
10-09-2022,44,48,101,104,59,140,122,55
11-09-2022,72,43,101,40,74,139,89,42
12-09-2022,36,20,58,48,88,107,104,22
13-09-2022,85,86,73,114,22,149,127,27
14-09-2022,67,74,76,54,87,98,198,53
15-09-2022,21,24,84,35,20,107,148,64
16-09-2022,82,68,103,35,15,53,192,59
17-09-2022,71,15,97,89,41,75,198,23
18-09-2022,91,66,58,40,66,71,180,49
19-09-2022,72,51,75,93,97,51,68,36
20-09-2022,46,60,90,92,17,101,126,67
21-09-2022,76,82,67,27,21,92,127,44
22-09-2022,42,72,89,31,68,57,130,46
23-09-2022,80,26,73,78,55,102,94,28
24-09-2022,31,22,55,68,98,126,177,50
25-09-2022,89,35,80,58,36,111,177,46
26-09-2022,62,68,51,52,80,55,60,34
27-09-2022,43,60,86,61,77,132,122,72
28-09-2022,76,44,35,56,31,124,145,43
29-09-2022,44,68,63,99,24,48,128,28
30-09-2022,39,82,78,42,86,95,97,73
01-10-2022,66,72,43,117,71,123,80,49
02-10-2022,64,44,108,91,95,100,104,45
03-10-2022,25,29,78,56,72,65,118,32
04-10-2022,50,16,84,59,97,49,89,74
05-10-2022,52,56,64,113,54,84,79,48
06-10-2022,85,77,96,117,54,118,79,68
07-10-2022,21,50,109,42,91,104,53,65
08-10-2022,64,60,76,62,71,120,197,37
09-10-2022,33,83,59,70,84,103,61,53
10-10-2022,22,50,71,83,91,58,58,24
11-10-2022,31,45,80,53,63,46,183,28
12-10-2022,70,73,69,89,58,127,179,46
13-10-2022,92,84,45,36,66,100,161,32
14-10-2022,23,69,91,34,26,121,177,68
15-10-2022,24,41,64,67,81,74,86,67
16-10-2022,72,41,72,85,91,111,122,28
17-10-2022,88,67,89,78,44,63,127,63
18-10-2022,95,64,95,48,91,135,146,62
19-10-2022,64,85,106,110,30,134,63,75
20-10-2022,30,15,102,102,71,59,185,31
21-10-2022,46,89,95,74,26,118,151,29
22-10-2022,22,28,103,26,61,61,125,46
23-10-2022,40,48,42,77,35,54,123,79
24-10-2022,30,49,63,86,28,148,121,38
25-10-2022,47,45,109,93,98,94,156,29
26-10-2022,48,18,51,29,84,72,197,38
27-10-2022,93,49,107,36,34,138,65,59
28-10-2022,98,32,89,118,75,133,145,35
29-10-2022,63,46,86,77,25,124,89,67
30-10-2022,48,55,41,51,69,145,180,20
31-10-2022,87,33,82,28,58,97,148,63
01-11-2022,43,38,81,85,69,56,126,23
02-11-2022,43,65,83,115,90,121,162,73
03-11-2022,33,53,80,67,52,70,104,70
04-11-2022,45,82,104,68,66,50,51,43
05-11-2022,94,71,59,84,55,145,55,68
06-11-2022,22,15,60,47,22,51,60,48
07-11-2022,30,19,98,36,83,66,92,42
08-11-2022,66,22,105,39,40,135,172,47
09-11-2022,69,22,93,58,37,136,167,55
10-11-2022,25,70,77,41,88,76,161,28
11-11-2022,71,46,58,91,87,95,78,46
12-11-2022,52,86,51,38,91,102,160,62
13-11-2022,36,84,48,100,18,124,98,73
14-11-2022,59,21,37,104,15,128,59,71
15-11-2022,37,64,73,102,47,52,110,28
16-11-2022,63,53,89,27,75,68,141,20
17-11-2022,23,86,108,97,30,139,162,41
18-11-2022,76,68,69,77,68,129,148,70
19-11-2022,98,80,91,118,91,82,53,55
20-11-2022,68,22,56,97,56,79,197,67
21-11-2022,60,17,77,80,99,118,66,71
22-11-2022,52,71,74,27,91,78,190,33
23-11-2022,83,19,78,105,81,84,159,52
24-11-2022,47,17,31,96,37,55,120,30
25-11-2022,71,47,97,33,28,68,61,76
26-11-2022,65,58,72,54,31,115,175,69
27-11-2022,79,18,45,70,52,114,119,28
28-11-2022,59,42,64,70,39,93,121,70
29-11-2022,29,66,104,108,21,132,198,26
30-11-2022,73,72,40,28,42,54,189,29
01-12-2022,68,58,85,114,98,99,79,50
02-12-2022,98,21,79,92,56,76,178,21
03-12-2022,63,27,41,116,77,75,197,63
04-12-2022,47,64,62,33,23,105,177,65
05-12-2022,58,57,71,116,36,44,119,79
06-12-2022,45,81,46,117,68,111,137,60
07-12-2022,20,10,51,46,84,71,182,64
08-12-2022,27,82,105,31,96,104,97,46
09-12-2022,53,13,77,64,73,117,173,47
10-12-2022,34,29,61,27,28,135,91,58
11-12-2022,85,83,34,67,78,127,189,69
12-12-2022,31,85,108,114,16,119,121,38
13-12-2022,77,37,77,42,27,41,63,45
14-12-2022,37,43,98,110,79,40,54,40
15-12-2022,78,52,101,66,37,83,130,46
16-12-2022,80,21,88,85,95,119,76,79
17-12-2022,26,72,94,63,88,47,75,64
18-12-2022,61,86,41,54,31,113,78,53
19-12-2022,85,39,46,64,75,129,64,76
20-12-2022,65,31,30,44,45,74,82,69
21-12-2022,78,46,44,98,23,81,166,45
22-12-2022,67,44,95,71,70,60,142,35
23-12-2022,96,53,51,46,52,44,199,47
24-12-2022,87,61,56,41,28,124,60,77
25-12-2022,42,70,80,96,59,74,199,62
26-12-2022,37,86,78,71,82,88,130,21
27-12-2022,40,76,100,91,17,57,104,50
28-12-2022,33,29,76,73,55,110,108,73
29-12-2022,96,74,60,38,25,100,196,45
30-12-2022,69,36,84,83,22,44,102,75
31-12-2022,96,50,40,40,48,87,55,49
01-01-2023,27,75,75,113,80,120,183,31
02-01-2023,23,72,48,44,24,98,113,52
03-01-2023,89,28,92,34,56,66,72,58
04-01-2023,43,31,56,107,62,95,105,72
05-01-2023,43,70,104,86,53,67,93,21
06-01-2023,68,78,73,89,18,85,182,51
07-01-2023,39,32,55,117,81,112,100,68
08-01-2023,32,53,44,103,57,56,196,48
09-01-2023,91,88,40,80,81,85,118,50
10-01-2023,77,37,49,68,18,71,145,78
11-01-2023,53,34,106,30,60,64,118,35
12-01-2023,66,57,59,81,77,73,124,51
13-01-2023,24,78,109,114,15,40,87,21
14-01-2023,35,21,93,97,25,136,108,71
15-01-2023,99,35,34,93,33,76,194,57
16-01-2023,97,64,47,43,17,100,148,23
17-01-2023,46,49,92,40,19,57,198,79
18-01-2023,61,35,109,33,44,98,64,38
19-01-2023,79,81,87,51,77,134,125,32
20-01-2023,50,26,51,58,63,79,140,45
21-01-2023,33,66,87,64,59,147,129,43
22-01-2023,97,51,70,50,68,88,89,61
23-01-2023,34,49,103,77,63,122,122,47
24-01-2023,39,59,87,75,44,138,56,45
25-01-2023,77,44,34,104,36,102,91,26
26-01-2023,47,32,108,86,34,117,136,29
27-01-2023,46,34,55,96,31,112,182,55
28-01-2023,20,21,81,71,55,59,151,48
29-01-2023,31,76,80,63,26,106,102,76
30-01-2023,78,48,101,80,50,49,182,30
31-01-2023,43,19,102,103,72,46,76,51
01-02-2023,42,39,108,97,31,68,116,47
02-02-2023,22,37,50,106,93,40,179,50
03-02-2023,35,27,84,89,33,117,94,79
04-02-2023,66,18,31,50,92,91,156,20
05-02-2023,85,22,99,27,17,134,148,29
06-02-2023,56,28,66,55,99,101,91,28
07-02-2023,22,87,100,49,90,133,153,58
08-02-2023,80,38,47,88,71,88,71,79
09-02-2023,31,56,96,88,16,55,108,51
10-02-2023,80,53,78,103,27,110,179,76
11-02-2023,99,77,38,28,25,42,51,70
12-02-2023,31,70,52,85,81,70,185,31
13-02-2023,41,85,43,101,89,124,185,63
14-02-2023,38,51,59,110,83,46,81,45
15-02-2023,31,81,33,105,70,60,190,44
16-02-2023,95,31,48,51,29,55,54,72
17-02-2023,69,45,86,108,37,141,151,67
18-02-2023,42,61,108,71,53,67,86,49
19-02-2023,28,74,45,115,65,145,109,51
20-02-2023,36,30,107,27,60,41,86,68
21-02-2023,21,61,33,96,42,135,59,71
22-02-2023,56,51,47,103,67,51,169,36
23-02-2023,80,69,46,91,53,142,113,68
24-02-2023,94,34,61,117,42,105,197,26
25-02-2023,88,75,99,117,82,122,153,37
26-02-2023,53,43,82,57,91,55,66,67
27-02-2023,29,69,34,57,91,149,83,71
28-02-2023,96,37,69,82,82,54,197,36
01-03-2023,21,56,98,65,31,88,126,38
02-03-2023,42,76,105,94,21,109,140,73
03-03-2023,22,16,109,118,24,42,169,38
04-03-2023,93,62,103,97,72,129,131,77
05-03-2023,22,11,85,103,72,101,178,30
06-03-2023,98,58,44,25,80,43,78,59
07-03-2023,82,32,37,94,93,45,176,67
08-03-2023,93,27,36,114,76,49,174,38
09-03-2023,66,15,56,90,83,146,196,79
10-03-2023,92,43,102,76,86,81,187,36
11-03-2023,72,45,50,114,89,48,92,37
12-03-2023,35,18,92,97,18,126,132,67
13-03-2023,49,82,85,66,58,53,154,25
14-03-2023,32,85,99,30,55,62,80,31
15-03-2023,84,60,72,55,87,105,135,72
16-03-2023,87,82,37,62,35,91,191,64
17-03-2023,79,47,35,73,34,86,146,20
18-03-2023,26,70,99,65,26,117,118,71
19-03-2023,75,33,100,102,65,108,91,33
20-03-2023,69,28,40,79,65,110,71,25
21-03-2023,49,40,77,31,84,118,157,68
22-03-2023,58,50,55,59,94,95,184,43
23-03-2023,82,28,53,40,62,57,125,55
24-03-2023,46,13,101,43,78,117,154,53
25-03-2023,33,56,90,45,86,64,107,35
26-03-2023,74,64,61,62,26,128,136,24
27-03-2023,59,82,92,72,48,144,187,20
28-03-2023,77,69,38,83,15,97,172,27
29-03-2023,50,35,89,108,91,60,143,56
30-03-2023,26,71,52,116,91,110,67,26
31-03-2023,92,48,106,116,51,121,108,52
01-04-2023,85,42,98,116,63,76,121,43
02-04-2023,77,87,107,27,37,131,149,40
03-04-2023,90,61,74,58,17,48,159,72
04-04-2023,88,43,53,94,34,76,170,38
05-04-2023,99,32,95,110,29,120,162,71
06-04-2023,97,41,32,32,59,141,95,28
07-04-2023,79,80,90,28,83,83,57,63
08-04-2023,92,48,42,28,74,47,86,75
09-04-2023,25,85,44,112,74,145,125,45
10-04-2023,64,79,82,103,41,121,119,65
11-04-2023,67,14,100,63,35,123,54,33
12-04-2023,60,12,72,86,30,113,144,61
13-04-2023,82,17,44,84,76,76,138,23
14-04-2023,21,48,40,43,16,46,112,58
15-04-2023,78,11,96,115,31,116,114,24
16-04-2023,56,60,40,103,87,110,72,69
17-04-2023,63,16,32,77,22,66,63,69
18-04-2023,61,39,44,34,22,84,76,48
19-04-2023,63,75,64,87,60,129,157,42
20-04-2023,84,10,59,116,89,58,198,52
21-04-2023,83,24,94,43,95,123,81,53
22-04-2023,23,62,84,27,83,72,93,61
23-04-2023,56,61,87,63,77,82,103,24
24-04-2023,49,57,53,55,55,119,129,26
25-04-2023,65,43,82,70,52,76,158,63
26-04-2023,49,30,40,77,93,64,190,31
27-04-2023,77,67,37,26,43,55,138,43
28-04-2023,48,69,70,108,19,50,117,61
29-04-2023,86,77,38,78,24,65,170,49
30-04-2023,69,68,68,30,70,118,178,43
01-05-2023,22,43,78,50,93,140,82,54
02-05-2023,94,82,82,90,39,53,70,64
03-05-2023,56,50,90,103,58,91,146,63
04-05-2023,97,46,108,25,62,125,100,61
05-05-2023,59,50,32,55,55,53,191,55
06-05-2023,46,83,41,69,29,40,121,35
07-05-2023,54,48,109,84,97,41,71,21
08-05-2023,78,62,33,91,77,44,197,41
09-05-2023,38,86,66,89,71,95,127,44
10-05-2023,22,46,60,119,20,117,160,29
11-05-2023,37,80,36,67,73,133,73,79
12-05-2023,34,79,71,40,66,132,135,41
13-05-2023,66,28,42,104,71,74,55,66
14-05-2023,45,34,35,109,51,60,190,69
15-05-2023,60,83,51,68,95,95,74,21
16-05-2023,32,73,89,57,35,144,55,54
17-05-2023,37,72,88,118,42,82,114,42
18-05-2023,95,27,63,44,23,90,130,20
19-05-2023,56,59,55,27,47,99,97,40
20-05-2023,64,55,80,42,50,110,89,49
21-05-2023,30,75,79,33,90,88,76,57
22-05-2023,32,41,103,84,25,132,160,75
23-05-2023,74,83,72,60,33,87,196,35
24-05-2023,75,35,65,54,93,121,113,26
25-05-2023,38,62,55,48,72,102,111,56
26-05-2023,20,83,42,60,90,75,193,40
27-05-2023,97,45,43,70,90,44,172,38
28-05-2023,21,20,40,110,30,43,180,45
29-05-2023,24,23,90,67,41,144,171,72
30-05-2023,26,29,47,39,44,140,168,47
31-05-2023,46,49,52,52,31,116,163,30
01-06-2023,50,21,36,81,40,43,182,57
02-06-2023,99,42,95,31,36,56,127,48
03-06-2023,76,16,54,82,23,122,164,51
04-06-2023,53,89,80,32,51,73,168,71
05-06-2023,25,26,46,91,49,125,70,33
06-06-2023,73,71,80,39,63,78,165,58
07-06-2023,22,76,53,117,96,85,124,50
08-06-2023,30,66,52,110,98,70,91,74
09-06-2023,40,76,51,73,62,101,137,32
10-06-2023,79,69,102,48,29,80,112,68
11-06-2023,81,69,108,85,83,128,119,36
12-06-2023,43,18,51,91,60,149,88,61
13-06-2023,66,56,39,69,66,47,167,20
14-06-2023,85,28,77,86,79,86,121,64
15-06-2023,74,46,91,96,44,64,89,32
16-06-2023,55,58,98,85,52,115,88,65
17-06-2023,49,16,39,57,42,93,134,73
18-06-2023,79,25,64,118,81,133,67,25
19-06-2023,78,66,50,51,23,82,55,55
20-06-2023,46,79,40,68,37,111,120,42
21-06-2023,26,49,32,61,69,79,198,43
22-06-2023,20,27,79,114,18,51,183,66
23-06-2023,59,36,79,29,38,50,71,34
24-06-2023,90,36,72,81,97,81,151,61
25-06-2023,36,84,38,116,59,94,184,48
26-06-2023,39,26,33,34,79,149,140,39
27-06-2023,50,14,38,45,43,81,172,40
28-06-2023,51,49,102,70,78,81,170,53
29-06-2023,86,56,107,65,29,79,139,49
30-06-2023,36,41,107,41,69,60,55,67
01-07-2023,62,72,75,100,74,113,119,69
02-07-2023,50,39,56,89,66,116,52,75
03-07-2023,28,27,84,58,99,53,138,49
04-07-2023,80,12,31,97,83,147,158,31
05-07-2023,51,58,37,111,64,139,155,62
06-07-2023,28,81,99,25,69,136,193,74
07-07-2023,40,64,79,112,38,62,81,20
08-07-2023,42,39,106,59,96,113,160,32
09-07-2023,47,29,49,32,92,133,128,51
10-07-2023,89,25,56,68,84,128,108,70
11-07-2023,80,29,73,28,96,81,145,78
12-07-2023,39,31,40,62,34,47,194,58
13-07-2023,34,83,95,106,43,80,96,63
14-07-2023,69,31,30,63,38,118,109,64
15-07-2023,76,47,100,85,34,40,140,28
16-07-2023,54,46,74,76,91,132,54,27
17-07-2023,40,81,52,84,21,97,177,77
18-07-2023,78,12,50,46,31,83,142,46
19-07-2023,71,35,60,109,77,51,198,33
20-07-2023,31,52,53,72,42,90,152,61
21-07-2023,88,68,53,82,59,100,77,64
22-07-2023,84,78,49,98,18,127,87,32
23-07-2023,60,17,62,53,51,99,133,30
24-07-2023,68,66,44,41,67,72,52,52
25-07-2023,47,49,106,35,62,53,138,70
26-07-2023,22,35,71,40,79,93,177,36
27-07-2023,80,61,53,63,99,40,127,66
28-07-2023,31,87,95,36,64,41,121,31
29-07-2023,73,22,75,39,75,149,181,74
30-07-2023,25,84,109,76,48,56,66,61
31-07-2023,55,36,36,104,69,40,198,73
01-08-2023,70,86,37,54,50,62,104,46
02-08-2023,22,28,30,98,97,87,98,46
03-08-2023,65,72,30,25,97,83,178,66
04-08-2023,73,23,47,72,88,139,142,45
05-08-2023,85,87,33,89,43,81,79,72
06-08-2023,28,16,76,58,60,121,186,64
07-08-2023,57,70,95,106,71,124,137,71
08-08-2023,60,72,46,69,67,113,131,68
09-08-2023,71,88,79,52,53,121,100,43
10-08-2023,60,39,91,110,88,128,103,74
11-08-2023,79,41,56,65,67,40,140,50
12-08-2023,70,28,59,90,18,63,136,37
13-08-2023,72,67,41,92,68,149,141,73
14-08-2023,22,46,82,44,87,82,161,79
15-08-2023,39,40,102,107,84,139,161,39
16-08-2023,41,80,77,57,26,103,85,74
17-08-2023,62,37,42,86,97,60,160,54
18-08-2023,68,50,87,118,73,95,96,50
19-08-2023,48,49,35,71,52,108,181,77
20-08-2023,95,85,90,89,90,120,60,78
21-08-2023,54,79,94,34,94,83,147,39
22-08-2023,97,74,51,35,79,54,75,74
23-08-2023,76,54,89,113,32,116,101,66
24-08-2023,50,19,104,106,71,76,50,58
25-08-2023,73,85,88,51,74,132,92,75
26-08-2023,58,77,94,42,69,80,161,29
27-08-2023,59,17,38,34,92,112,112,43
28-08-2023,99,16,70,106,15,132,159,39
29-08-2023,84,18,79,56,30,91,121,45
30-08-2023,41,89,106,90,21,97,76,27
31-08-2023,33,33,103,92,91,109,77,38
01-09-2023,33,62,37,45,30,137,112,63
02-09-2023,78,36,70,28,25,58,139,28
03-09-2023,86,84,89,39,34,67,129,37
04-09-2023,89,84,62,119,44,102,50,21
05-09-2023,64,37,37,114,53,109,66,59
06-09-2023,94,50,75,90,77,120,172,69
07-09-2023,30,28,86,70,76,87,160,50
08-09-2023,85,24,88,109,55,55,175,41
09-09-2023,79,21,41,77,90,94,115,41
10-09-2023,95,39,78,54,56,136,77,44
11-09-2023,76,18,92,31,69,61,97,77
12-09-2023,83,45,76,60,21,129,174,72
13-09-2023,43,40,41,74,93,137,124,42
14-09-2023,37,33,48,70,17,52,141,69
15-09-2023,40,71,79,81,20,147,129,25
16-09-2023,85,13,51,38,62,126,192,55
17-09-2023,74,34,61,87,65,149,92,20
18-09-2023,82,52,58,109,27,132,160,48
19-09-2023,87,51,106,43,35,108,64,25
20-09-2023,93,24,36,28,72,72,160,77
21-09-2023,62,39,91,26,90,55,95,77
22-09-2023,33,84,40,103,67,110,145,52
23-09-2023,97,19,99,54,92,104,172,55
24-09-2023,45,65,102,95,39,93,84,77
25-09-2023,30,80,77,43,96,114,159,24
26-09-2023,50,12,78,91,66,64,77,60
27-09-2023,50,88,44,116,39,104,199,23
28-09-2023,62,86,75,67,20,63,88,25
29-09-2023,50,60,72,51,69,81,193,47
30-09-2023,61,64,35,81,80,79,120,25
01-10-2023,33,10,108,72,97,128,173,47
02-10-2023,69,17,74,119,65,146,144,61
03-10-2023,36,16,58,119,40,81,100,36
04-10-2023,89,17,63,46,71,145,156,62
05-10-2023,24,55,99,31,50,130,70,56
06-10-2023,62,10,72,53,91,144,180,47
07-10-2023,95,75,70,45,38,102,120,26
08-10-2023,83,76,61,65,69,59,118,75
09-10-2023,54,68,61,79,83,85,194,44
10-10-2023,34,21,41,34,35,52,153,46
11-10-2023,75,40,75,86,36,75,105,38
12-10-2023,96,60,54,96,53,76,63,42
13-10-2023,97,78,61,82,74,89,159,32
14-10-2023,89,27,45,119,97,88,177,21
15-10-2023,30,16,45,74,68,55,139,22
16-10-2023,49,55,88,94,99,93,79,47
17-10-2023,86,24,45,80,77,56,108,37
18-10-2023,28,33,67,76,16,83,139,74
19-10-2023,34,42,64,71,51,101,105,61
20-10-2023,26,57,50,49,97,116,160,48
21-10-2023,23,18,90,26,39,41,67,52
22-10-2023,51,51,61,72,69,42,90,57
23-10-2023,31,40,62,74,38,41,173,29
24-10-2023,98,73,78,94,57,119,82,66
25-10-2023,49,72,64,90,96,111,181,79
26-10-2023,46,10,84,97,96,116,127,57
27-10-2023,27,42,52,87,71,98,159,76
28-10-2023,46,18,71,37,99,108,63,57
29-10-2023,98,14,81,30,81,45,75,36
30-10-2023,89,63,40,117,30,119,52,50
31-10-2023,68,20,31,94,74,72,127,39
01-11-2023,70,67,103,61,73,84,176,66
02-11-2023,52,40,58,82,28,110,188,45
03-11-2023,43,52,95,104,99,144,188,34
04-11-2023,42,42,94,92,41,115,140,45
05-11-2023,97,38,69,97,20,105,177,63
06-11-2023,43,12,88,43,84,122,166,73
07-11-2023,81,65,66,37,47,149,166,59
08-11-2023,60,62,34,93,16,144,57,64
09-11-2023,50,74,101,41,40,78,128,27
10-11-2023,22,24,31,73,59,86,137,25
11-11-2023,39,13,61,91,41,116,173,61
12-11-2023,47,85,72,32,88,141,148,62
13-11-2023,56,42,93,61,45,79,179,51
14-11-2023,24,32,35,76,22,132,62,52
15-11-2023,35,88,78,25,52,45,73,27
16-11-2023,42,56,52,72,25,61,134,32
17-11-2023,25,71,38,64,25,125,122,28
18-11-2023,81,71,30,90,92,41,104,74
19-11-2023,26,22,52,25,28,126,87,25
20-11-2023,98,81,83,84,98,109,60,28
21-11-2023,81,49,64,45,26,60,63,53
22-11-2023,37,44,56,45,83,102,171,20
23-11-2023,60,35,76,112,61,63,55,68
24-11-2023,65,60,32,87,56,64,138,24
25-11-2023,98,13,43,45,52,47,82,49
26-11-2023,22,53,54,65,77,116,143,43
27-11-2023,70,38,78,102,46,42,86,31
28-11-2023,26,50,52,103,71,40,58,29
29-11-2023,20,70,80,101,20,147,141,52
30-11-2023,89,64,91,107,48,76,189,23
01-12-2023,83,11,36,78,21,94,179,55
02-12-2023,49,71,82,115,65,93,189,43
03-12-2023,86,58,89,63,81,136,174,28
04-12-2023,97,83,62,107,91,60,194,73
05-12-2023,70,74,49,95,80,116,94,69
06-12-2023,24,37,66,43,77,97,117,59
07-12-2023,62,57,31,102,80,92,60,21
08-12-2023,42,25,64,101,27,143,101,61
09-12-2023,75,23,83,37,86,121,86,75
10-12-2023,46,60,78,90,30,94,169,34
11-12-2023,23,88,33,107,17,79,160,25
12-12-2023,88,71,98,110,33,86,52,58
13-12-2023,95,33,46,80,41,145,100,55
14-12-2023,98,38,103,70,55,43,151,26
15-12-2023,52,77,80,108,78,71,199,72
16-12-2023,90,39,107,82,53,56,101,56
17-12-2023,39,80,48,79,86,143,55,26
18-12-2023,54,69,92,67,43,125,156,57
19-12-2023,67,59,86,58,76,44,197,25
20-12-2023,92,48,42,39,35,102,96,32
21-12-2023,36,60,38,61,27,133,157,58
22-12-2023,26,25,34,76,25,45,138,72
23-12-2023,67,23,71,98,80,106,196,55
24-12-2023,96,66,46,35,28,53,71,76
25-12-2023,59,87,32,94,54,131,188,53
26-12-2023,53,58,105,30,73,100,94,75
27-12-2023,30,40,75,57,20,44,152,29
28-12-2023,97,77,83,52,35,137,54,36
29-12-2023,35,85,49,72,26,135,175,56
30-12-2023,38,53,51,68,84,103,80,69
31-12-2023,28,56,71,32,46,85,165,36
01-01-2024,48,54,108,53,41,69,156,43
02-01-2024,92,61,69,48,27,55,61,36
03-01-2024,21,74,84,104,42,108,83,48
04-01-2024,59,39,36,40,44,147,96,33
05-01-2024,75,34,98,26,47,44,140,28
06-01-2024,26,25,94,43,91,68,148,70
07-01-2024,76,63,109,85,21,40,64,69
08-01-2024,55,20,89,99,79,104,131,51
09-01-2024,42,61,103,38,39,86,91,31
10-01-2024,47,52,94,62,73,110,56,52
11-01-2024,99,76,43,97,58,48,139,21
12-01-2024,55,26,63,112,48,91,189,52
13-01-2024,28,67,76,55,23,78,114,58
14-01-2024,86,25,45,69,90,90,61,50
15-01-2024,79,27,104,97,99,92,53,50
16-01-2024,74,66,51,93,59,79,169,28
17-01-2024,29,81,55,61,27,42,196,21
18-01-2024,55,73,37,51,16,61,84,28
19-01-2024,92,85,37,40,79,143,114,68
20-01-2024,20,71,36,74,16,115,189,28
21-01-2024,84,25,90,38,31,45,178,65
22-01-2024,92,68,69,76,77,137,167,65
23-01-2024,46,41,31,113,54,46,104,64
24-01-2024,50,82,58,29,96,77,102,39
25-01-2024,86,67,54,40,76,90,193,30
26-01-2024,62,46,66,85,62,149,169,32
27-01-2024,52,28,45,85,75,81,126,35
28-01-2024,25,79,97,44,38,111,194,78
29-01-2024,45,33,55,90,89,61,173,48
30-01-2024,62,62,30,37,44,139,198,23
31-01-2024,71,14,57,110,15,99,142,48
01-02-2024,43,13,54,108,28,51,138,64
02-02-2024,39,50,62,59,67,145,97,45
03-02-2024,71,74,99,92,47,101,174,28
04-02-2024,71,23,53,58,64,57,179,66
05-02-2024,61,52,98,108,68,66,120,26
06-02-2024,73,48,90,34,86,72,166,20
07-02-2024,96,66,76,89,75,126,167,48
08-02-2024,83,41,55,54,15,128,68,52
09-02-2024,48,89,82,84,62,88,65,37
10-02-2024,48,38,59,100,18,90,150,20
11-02-2024,60,52,64,27,86,95,121,36
12-02-2024,73,10,49,39,26,133,145,35
13-02-2024,66,84,62,66,25,105,150,42
14-02-2024,35,59,99,48,22,128,61,66
15-02-2024,87,35,95,51,58,46,129,58
16-02-2024,73,86,50,71,89,123,65,29
17-02-2024,63,53,81,25,84,138,112,61
18-02-2024,83,82,44,81,85,126,193,37
19-02-2024,73,85,77,38,35,59,50,42
20-02-2024,30,61,61,53,45,100,70,75
21-02-2024,20,78,64,109,70,107,137,43
22-02-2024,66,14,109,84,88,129,128,23
23-02-2024,91,39,77,81,28,143,192,45
24-02-2024,93,24,40,115,75,108,193,54
25-02-2024,25,46,105,46,65,41,97,68
26-02-2024,72,71,48,99,33,54,162,35
27-02-2024,34,70,81,43,31,122,168,78
28-02-2024,58,29,41,43,17,58,96,47
29-02-2024,71,35,55,31,83,92,56,28
01-03-2024,66,43,78,85,90,119,141,65
02-03-2024,88,12,85,100,97,141,120,24
03-03-2024,86,74,69,74,50,147,145,50
04-03-2024,59,88,109,97,57,70,84,24
05-03-2024,96,53,35,105,68,104,152,46
06-03-2024,79,41,88,96,45,84,73,24
07-03-2024,78,74,32,25,86,131,196,74
08-03-2024,80,71,46,101,67,101,134,46
09-03-2024,69,62,39,31,18,123,173,63
10-03-2024,48,15,41,91,40,131,124,28
11-03-2024,43,76,76,43,59,78,58,37
12-03-2024,70,78,97,74,20,135,186,72
13-03-2024,51,86,47,25,21,146,107,58
14-03-2024,72,53,63,76,22,110,148,49
15-03-2024,89,73,61,111,52,65,180,61
16-03-2024,41,85,76,51,85,139,71,37
17-03-2024,35,34,54,92,63,53,107,23
18-03-2024,93,79,62,87,44,119,181,59
19-03-2024,61,23,43,49,46,92,86,42
20-03-2024,47,31,87,87,37,40,108,33
21-03-2024,91,51,63,93,44,66,128,53
22-03-2024,62,19,77,76,39,140,137,47
23-03-2024,37,14,33,108,99,115,140,43
24-03-2024,86,13,53,106,59,115,69,43
25-03-2024,32,84,87,32,41,75,176,30
26-03-2024,50,30,80,63,42,42,194,21
27-03-2024,97,76,65,71,77,116,130,55
28-03-2024,48,21,85,36,81,120,187,77
29-03-2024,34,23,72,55,84,48,160,49
30-03-2024,49,18,47,36,93,92,77,40
31-03-2024,32,59,109,65,58,51,65,75
01-04-2024,63,56,109,50,38,79,126,69
02-04-2024,31,27,63,75,24,133,62,52
03-04-2024,25,14,105,117,67,149,118,79
04-04-2024,26,21,74,36,15,128,151,35
05-04-2024,49,42,80,77,91,83,118,51
06-04-2024,51,35,74,76,42,128,165,37
07-04-2024,20,63,103,49,43,63,157,61
08-04-2024,68,14,69,69,44,85,150,78
09-04-2024,63,12,78,77,38,100,131,21
10-04-2024,31,61,65,41,27,45,164,55
11-04-2024,76,72,51,119,28,103,162,21
12-04-2024,58,53,55,45,95,127,150,23
13-04-2024,89,86,84,42,95,45,126,78
14-04-2024,82,71,102,64,72,92,196,77
15-04-2024,58,61,54,53,33,85,66,54
16-04-2024,43,36,38,87,55,107,71,71
17-04-2024,23,83,48,25,56,116,61,57
18-04-2024,87,72,103,60,87,138,123,57
19-04-2024,59,49,109,46,77,146,154,40
20-04-2024,23,69,39,116,49,83,77,29
21-04-2024,92,26,89,47,52,133,172,50
22-04-2024,44,34,99,34,62,75,54,62
23-04-2024,55,13,102,32,51,107,71,31
24-04-2024,61,10,86,116,87,62,93,76
25-04-2024,81,38,30,37,88,89,139,58
26-04-2024,57,87,96,47,72,86,197,25
27-04-2024,77,52,65,118,16,56,184,42
28-04-2024,23,51,81,43,95,120,154,77
29-04-2024,34,68,53,75,57,89,113,63
30-04-2024,94,62,108,48,90,54,55,69
01-05-2024,55,33,72,46,62,138,179,76
02-05-2024,91,84,64,82,80,128,149,78
03-05-2024,76,26,92,116,88,118,64,73
04-05-2024,84,39,88,35,70,66,168,47
05-05-2024,24,17,90,40,86,69,173,22
06-05-2024,32,68,47,51,96,103,141,48
07-05-2024,88,56,36,96,32,71,86,44
08-05-2024,37,76,108,82,25,112,122,59
09-05-2024,52,48,98,59,20,140,180,33
10-05-2024,85,23,58,113,36,122,166,57
11-05-2024,42,11,107,112,45,41,178,64
12-05-2024,22,46,47,94,51,105,152,52
13-05-2024,49,41,71,100,28,101,199,37
14-05-2024,82,42,96,115,54,77,87,42
15-05-2024,92,86,47,72,64,128,179,24
16-05-2024,93,73,70,81,25,78,94,77
17-05-2024,92,40,36,117,65,98,122,42
18-05-2024,49,80,104,109,40,68,144,41
19-05-2024,69,28,92,40,33,124,151,37
20-05-2024,89,69,109,76,70,116,110,55
21-05-2024,57,43,83,96,39,66,116,24
22-05-2024,51,72,54,80,50,56,93,55
23-05-2024,45,55,33,75,46,99,115,50
24-05-2024,39,44,70,106,35,103,104,59
25-05-2024,54,61,63,90,45,46,59,35
26-05-2024,95,75,105,78,23,58,164,29
27-05-2024,22,30,38,43,57,41,191,65
28-05-2024,91,68,44,90,64,122,134,57
29-05-2024,89,54,92,116,31,113,144,39
30-05-2024,86,69,55,50,31,143,105,63
31-05-2024,69,81,51,65,79,55,136,75
01-06-2024,92,19,74,61,16,40,119,21
02-06-2024,49,26,103,96,94,134,166,41
03-06-2024,87,71,53,76,66,121,109,48
04-06-2024,79,53,100,27,41,60,111,23
05-06-2024,33,29,79,106,83,97,90,42
06-06-2024,85,34,80,29,47,130,140,44
07-06-2024,94,33,105,27,56,55,86,28
08-06-2024,67,75,81,95,72,90,108,46
09-06-2024,40,73,45,69,47,57,139,44
10-06-2024,96,14,86,63,96,141,115,23
11-06-2024,58,64,54,43,31,94,118,48
12-06-2024,82,11,99,119,88,146,134,24
13-06-2024,58,74,100,109,88,119,182,76
14-06-2024,64,62,76,34,54,88,56,52
15-06-2024,27,88,30,56,26,100,120,40
16-06-2024,79,22,78,59,75,142,63,68
17-06-2024,88,32,60,25,35,139,75,25
18-06-2024,43,32,35,67,98,133,129,29
19-06-2024,41,78,89,93,59,78,199,26
20-06-2024,81,51,51,87,92,62,84,56
21-06-2024,71,77,49,36,43,131,153,32
22-06-2024,39,63,91,108,59,79,126,50
23-06-2024,57,12,30,27,27,117,124,62
24-06-2024,34,13,101,114,74,82,57,39
25-06-2024,20,29,106,112,49,145,165,77
26-06-2024,76,17,81,80,15,117,104,28
27-06-2024,20,43,44,104,72,145,147,43
28-06-2024,23,82,103,44,18,123,72,65
29-06-2024,69,14,67,33,34,135,197,25
30-06-2024,49,40,78,108,73,146,197,48
01-07-2024,36,56,41,58,54,53,67,72
02-07-2024,26,53,93,26,41,57,137,41
03-07-2024,46,45,68,37,56,56,138,65
04-07-2024,60,78,96,108,62,54,199,38
05-07-2024,42,84,65,114,76,118,142,37
06-07-2024,67,32,68,63,89,73,75,79
07-07-2024,49,64,58,40,97,56,186,38
08-07-2024,81,42,104,77,66,126,118,63
09-07-2024,84,68,59,60,54,80,177,20
10-07-2024,45,39,55,39,60,147,101,33
11-07-2024,66,46,61,65,32,90,54,45
12-07-2024,80,83,57,102,46,54,145,62
13-07-2024,92,46,108,90,43,98,102,57
14-07-2024,28,43,70,89,84,60,146,68
15-07-2024,39,71,84,74,65,123,129,43
16-07-2024,93,34,82,119,59,134,142,59
17-07-2024,61,31,81,93,47,109,98,66
18-07-2024,47,63,43,53,43,58,75,40
19-07-2024,75,80,62,82,28,58,161,51
20-07-2024,37,62,61,100,43,101,167,67
21-07-2024,92,60,67,111,66,112,161,50
22-07-2024,45,83,62,111,34,66,145,23
23-07-2024,52,12,105,103,74,51,101,63
24-07-2024,80,45,37,38,29,113,87,47
25-07-2024,83,83,39,30,24,138,198,25
26-07-2024,72,31,51,93,29,122,116,32
27-07-2024,88,13,85,84,72,124,55,62
28-07-2024,89,50,46,28,45,71,108,41
29-07-2024,87,14,92,67,16,116,148,47
30-07-2024,44,32,51,95,84,95,75,46
31-07-2024,96,52,68,90,49,53,107,52
01-08-2024,47,75,108,71,41,121,188,78
